"","fixed acidity","volatile acidity","citric acid","residual sugar","chlorides","free sulfur dioxide","total sulfur dioxide","density","pH","sulphates","alcohol","quality"
"1",8.4,0.24,0.49,7.4,0.039,46,108,0.9934,3.03,0.33,11.9,7
"2",6.4,0.42,0.46,8.4,0.05,58,180,0.99495,3.18,0.46,9.7,6
"3",8.4,0.2,0.38,11.8,0.055,51,170,1.0004,3.34,0.82,8.9,6
"4",6.5,0.17,0.33,1.4,0.028,14,99,0.9928,3.23,0.55,10.1,6
"5",6.6,0.38,0.15,4.6,0.044,25,78,0.9931,3.11,0.38,10.2,6
"6",6.2,0.3,0.32,1.3,0.054,27,183,0.99266,3.3,0.43,10.1,5
"7",6.3,0.27,0.37,7.9,0.047,58,215,0.99542,3.19,0.48,9.5,6
"8",7.8,0.18,0.31,12.2,0.053,46,140,0.998,3.06,0.53,8.9,6
"9",5.4,0.3,0.3,1.2,0.029,25,93,0.98742,3.31,0.4,13.6,7
"10",6.8,0.17,0.17,5.1,0.049,26,82,0.993,3,0.38,9.8,6
"11",6.5,0.23,0.25,17.3,0.046,15,110,0.99828,3.15,0.42,9.2,6
"12",4.8,0.65,0.12,1.1,0.013,4,10,0.99246,3.32,0.36,13.5,4
"13",6,0.44,0.26,3.1,0.053,57,128,0.98982,3.22,0.39,12.7,6
"14",7.4,0.37,0.35,5.7,0.061,12,94,0.9965,3.48,0.69,10.7,6
"15",6.7,0.33,0.42,6.4,0.058,27,151,0.9954,3.16,0.44,9.6,5
"16",5.7,0.14,0.3,5.4,0.045,26,105,0.99469,3.32,0.45,9.3,5
"17",6.9,0.18,0.36,1.3,0.036,40,117,0.9934,3.27,0.95,9.5,7
"18",7,0.34,0.39,6.9,0.066,43,162,0.99561,3.11,0.53,9.5,5
"19",6.7,0.13,0.57,6.6,0.056,60,150,0.99548,2.96,0.43,9.4,6
"20",6.8,0.39,0.34,7.4,0.02,38,133,0.99212,3.18,0.44,12,7
"21",8.4,0.22,0.3,1.3,0.038,45,122,0.99178,3.13,0.54,10.8,7
"22",8.3,0.25,0.33,2.5,0.053,12,72,0.99404,2.89,0.48,9.5,5
"23",6.7,0.4,0.22,8.8,0.052,24,113,0.99576,3.22,0.45,9.4,5
"24",7.9,0.22,0.24,4.6,0.044,39,159,0.9927,2.99,0.28,11.5,6
"25",7.5,0.2,0.41,1.2,0.05,26,131,0.99133,3.19,0.52,11.1,5
"26",6.6,0.27,0.33,1.4,0.042,24,183,0.99215,3.29,0.46,10.7,5
"27",7.2,0.22,0.49,1,0.045,34,140,0.99,3.05,0.34,12.7,6
"28",8.3,0.27,0.45,1.3,0.048,8,72,0.9944,3.08,0.61,10.3,4
"29",7.1,0.47,0.29,14.8,0.024,22,142,0.99518,3.12,0.48,12,8
"30",6.4,0.2,0.22,7.4,0.032,53,172,0.99404,3.24,0.58,11,6
"31",7,0.45,0.34,19.8,0.04,12,67,0.9976,3.07,0.38,11,6
"32",7.9,0.35,0.24,15.6,0.072,44,229,0.99785,3.03,0.59,10.5,6
"33",6.7,0.22,0.37,1.6,0.028,24,102,0.9913,3.29,0.59,11.6,7
"34",6.2,0.16,0.32,1.1,0.036,74,184,0.99096,3.22,0.41,11,6
"35",6.8,0.12,0.31,5.2,0.045,29,120,0.9942,3.41,0.46,9.8,7
"36",5.2,0.22,0.46,6.2,0.066,41,187,0.99362,3.19,0.42,9.73333333333333,5
"37",7.6,0.3,0.4,2.2,0.054,29,175,0.99445,3.19,0.53,9.8,5
"38",7.8,0.445,0.56,1,0.04,8,84,0.9938,3.25,0.43,10.8,5
"39",7,0.2,0.34,5.7,0.035,32,83,0.9928,3.19,0.46,11.5,6
"40",5.6,0.175,0.29,0.8,0.043,20,67,0.99112,3.28,0.48,9.9,6
"41",7.6,0.31,0.49,13.4,0.062,50,191,0.9989,3.22,0.53,9,4
"42",6.1,0.23,0.27,9.8,0.055,74,134,0.99534,3.16,0.4,10.2,6
"43",7.1,0.19,0.28,3.6,0.033,16,78,0.993,2.91,0.78,11.4,6
"44",7.2,0.27,0.28,15.2,0.046,6,41,0.99665,3.17,0.39,10.9,6
"45",7.3,0.18,0.65,1.4,0.046,28,157,0.9946,3.33,0.62,9.4,6
"46",6,0.25,0.28,7.7,0.053,37,132,0.99489,3.06,0.5,9.4,6
"47",6.15,0.21,0.37,3.2,0.021,20,80,0.99076,3.39,0.47,12,5
"48",5.8,0.36,0.26,3.3,0.038,40,153,0.9911,3.34,0.55,11.3,6
"49",6.6,0.25,0.3,1.6,0.046,32,134,0.993,3.42,0.51,10.1,7
"50",5.9,0.21,0.31,1.8,0.033,45,142,0.98984,3.35,0.5,12.7,6
"51",7,0.27,0.74,1.3,0.173,34,121,0.99334,3.04,0.46,9.2,6
"52",6.4,0.18,0.32,9.6,0.052,24,90,0.9963,3.35,0.49,9.4,6
"53",6.4,0.35,0.35,5.6,0.034,9,148,0.99441,3.17,0.5,9.8,4
"54",6.7,0.24,0.26,12.6,0.053,44,182,0.99802,3.42,0.42,9.7,5
"55",5.3,0.36,0.27,6.3,0.028,40,132,0.99186,3.37,0.4,11.6,6
"56",7.1,0.47,0.29,14.8,0.024,22,142,0.99518,3.12,0.48,12,8
"57",7,0.17,0.36,6.4,0.055,42,123,0.99318,3.11,0.5,11,8
"58",6.2,0.36,0.14,8.9,0.036,38,155,0.99622,3.27,0.5,9.4,5
"59",7.2,0.24,0.28,1.9,0.032,30,92,0.9914,3.1,0.39,10.9,6
"60",6,0.26,0.29,3.1,0.041,37,144,0.98944,3.22,0.39,12.8,7
"61",6.5,0.32,0.12,11.5,0.033,35,165,0.9974,3.22,0.32,9,5
"62",6,0.29,0.41,10.8,0.048,55,149,0.9937,3.09,0.59,11,7
"63",6.2,0.25,0.31,3.2,0.03,32,150,0.99014,3.18,0.31,12,6
"64",6.4,0.16,0.42,1,0.036,29,113,0.9908,3.18,0.52,11,6
"65",7.6,0.3,0.38,2.1,0.043,10,98,0.99296,3.17,0.65,11,5
"66",7.1,0.12,0.32,9.6,0.054,64,162,0.9962,3.4,0.41,9.4,5
"67",6.8,0.15,0.41,12.9,0.044,79.5,183,0.99742,3.24,0.78,10.2,6
"68",6,0.27,0.19,1.7,0.02,24,110,0.9898,3.32,0.47,12.6,7
"69",6.5,0.33,0.28,6.1,0.018,41,103,0.99122,3.24,0.32,12.2,6
"70",6.6,0.28,0.23,10.4,0.049,45,190,0.99754,3.12,0.51,8.8,5
"71",7.3,0.25,0.26,7.2,0.048,52,207,0.99587,3.12,0.37,9.2,5
"72",6.5,0.36,0.36,6.7,0.185,51.5,151,0.99528,3.17,0.42,9.3,5
"73",6.6,0.085,0.33,1.4,0.036,17,109,0.99306,3.27,0.61,9.5,6
"74",6.4,0.25,0.57,1,0.062,21,122,0.99238,3,0.4,9.5,5
"75",6.4,0.475,0.06,1,0.03,9,131,0.9904,2.97,0.29,10.8,5
"76",8.8,0.33,0.36,2.1,0.034,19,125,0.99166,2.96,0.98,12.7,6
"77",5.8,0.3,0.42,1.1,0.036,19,113,0.98871,3.1,0.46,12.6,7
"78",6.9,0.52,0.54,7.9,0.036,23,169,0.99267,3.26,0.47,12.2,6
"79",6.5,0.5,0.22,4.1,0.036,35,131,0.9902,3.26,0.55,13,7
"80",7.5,0.29,0.26,14.95,0.067,47,178,0.99838,3.04,0.49,9.2,4
"81",7.2,0.23,0.32,8.5,0.058,47,186,0.9956,3.19,0.4,9.9,6
"82",6,0.19,0.71,1.5,0.152,9,55,0.9927,3.12,0.46,9.8,6
"83",7.1,0.28,0.31,1.5,0.053,20,98,0.99069,3.15,0.5,11.4,5
"84",5.9,0.18,0.29,4.6,0.032,68,137,0.99159,3.21,0.38,11.3,6
"85",6.5,0.21,0.51,17.6,0.045,34,125,0.99966,3.2,0.47,8.8,6
"86",5.7,0.25,0.32,12.2,0.041,43,127,0.99524,3.23,0.53,10.4,7
"87",8.1,0.24,0.32,10.5,0.03,34,105,0.99407,3.11,0.42,11.8,6
"88",7.1,0.36,0.37,4.8,0.019,39,114,0.99036,3.08,0.49,12.7,7
"89",7.2,0.21,1,1.1,0.154,46,114,0.9931,2.95,0.43,9.2,6
"90",5.7,0.26,0.3,1.8,0.039,30,105,0.98995,3.48,0.52,12.5,7
"91",5.6,0.245,0.32,1.1,0.047,24,152,0.9927,3.12,0.42,9.3,6
"92",5.8,0.39,0.47,7.5,0.027,12,88,0.9907,3.38,0.45,14,6
"93",5.7,0.43,0.3,5.7,0.039,24,98,0.992,3.54,0.61,12.3,7
"94",7.3,0.22,0.26,1.5,0.04,32,172,0.99194,3.27,0.48,11.2,6
"95",6.7,0.31,0.09,1.4,0.039,53,141,0.99206,3.12,0.44,10.1,5
"96",6.8,0.32,0.32,8.7,0.029,31,105,0.99146,3,0.34,12.3,7
"97",6.4,0.24,0.22,1.5,0.038,38,157,0.9934,3.41,0.55,9.9,6
"98",6.5,0.18,0.41,14.2,0.039,47,129,0.99678,3.28,0.72,10.3,7
"99",6.2,0.22,0.2,20.8,0.035,58,184,1.00022,3.11,0.53,9,6
"100",5.3,0.36,0.27,6.3,0.028,40,132,0.99186,3.37,0.4,11.6,6
"101",6.7,0.17,0.37,2,0.039,34,125,0.9922,3.26,0.6,10.8,7
"102",6.5,0.22,0.19,1.1,0.064,36,191,0.99297,3.05,0.5,9.5,6
"103",7.9,0.33,0.26,1.2,0.044,23,103,0.9932,3.19,0.54,10.5,6
"104",6.1,0.24,0.27,9.8,0.062,33,152,0.9966,3.31,0.47,9.5,6
"105",6.5,0.425,0.4,13.1,0.038,59,241,0.9979,3.23,0.57,9,5
"106",5.9,0.2,0.23,1.5,0.037,38,93,0.99021,3.36,0.49,12,6
"107",5.4,0.53,0.16,2.7,0.036,34,128,0.98856,3.2,0.53,13.2,8
"108",6,0.29,0.2,12.6,0.045,45,187,0.9972,3.33,0.42,9.5,5
"109",5.9,0.32,0.26,1.5,0.057,17,141,0.9917,3.24,0.36,10.7,5
"110",7.7,0.22,0.42,1.9,0.052,10,87,0.9922,3.3,0.49,11.8,6
"111",6.9,0.54,0.32,13.2,0.05,53,236,0.9973,3.2,0.5,9.6,5
"112",8.5,0.19,0.49,3.5,0.044,29,117,0.9938,3.14,0.51,10.1,6
"113",7.1,0.18,0.42,1.4,0.045,47,157,0.9916,2.95,0.31,10.5,6
"114",5.1,0.52,0.06,2.7,0.052,30,79,0.9932,3.32,0.43,9.3,5
"115",4.9,0.345,0.34,1,0.068,32,143,0.99138,3.24,0.4,10.1,5
"116",8.3,0.33,0.42,1.15,0.033,18,96,0.9911,3.2,0.32,12.4,3
"117",5.6,0.23,0.29,3.1,0.023,19,89,0.99068,3.25,0.51,11.2,6
"118",7.1,0.27,0.24,12.6,0.044,48,118,0.99726,3.04,0.56,10,7
"119",6.4,0.29,0.2,15.6,0.04,20,142,0.9962,3.1,0.54,10.6,5
"120",6.3,0.29,0.3,8.1,0.212,60,150,0.9958,3.1,0.4,9.3,5
"121",7.8,0.24,0.32,12.2,0.054,42,138,0.9984,3.01,0.54,8.8,5
"122",7.8,0.25,0.37,1,0.043,10,80,0.99128,3.08,0.38,11.4,5
"123",6.6,0.2,0.27,10.9,0.038,29,130,0.99496,3.11,0.44,10.5,7
"124",6.1,0.28,0.25,17.75,0.044,48,161,0.9993,3.34,0.48,9.5,5
"125",6.6,0.25,0.36,8.1,0.045,54,180,0.9958,3.08,0.42,9.2,5
"126",7.1,0.18,0.32,12.2,0.048,36,125,0.9967,2.92,0.54,9.4,6
"127",6.6,0.31,0.28,1.4,0.035,28,107,0.98836,3,0.4,13.2,6
"128",7,0.19,0.23,5.7,0.123,27,104,0.9954,3.04,0.54,9.4,6
"129",6.6,0.26,0.27,11.8,0.048,28,112,0.99606,2.87,0.49,9.7,6
"130",6,0.32,0.3,1.3,0.025,18,112,0.98802,3.07,0.64,13.3,7
"131",6.6,0.25,0.3,14.4,0.052,40,183,0.998,3.02,0.5,9.1,6
"132",7.4,0.27,0.49,1.1,0.037,33,156,0.992,3.15,0.54,11.1,6
"133",6.6,0.28,0.36,1.7,0.038,22,101,0.9912,3.29,0.57,11.6,6
"134",8,0.26,0.28,4.8,0.05,34,150,0.99437,3.13,0.5,10,6
"135",6.5,0.19,0.34,1.6,0.029,39,116,0.98954,3.21,0.68,12.5,6
"136",7.4,0.3,0.49,8.2,0.055,49,188,0.9974,3.52,0.58,9.7,6
"137",8.3,0.2,0.49,1.7,0.04,34,169,0.9938,3.05,0.37,10.1,5
"138",6.5,0.19,0.27,4.9,0.037,13,101,0.9916,3.17,0.41,11.8,6
"139",6.4,0.21,0.34,16.05,0.04,56,142,0.99678,3.11,0.38,10.6,5
"140",8.1,0.28,0.34,1.3,0.035,11,126,0.99232,3.14,0.5,9.8,6
"141",7.4,0.18,0.36,13.1,0.056,72,163,1,3.42,0.35,9.1,6
"142",6.6,0.26,0.27,1.5,0.04,19,114,0.99295,3.36,0.62,10.5,6
"143",7.3,0.42,0.38,6.8,0.045,29,122,0.9925,3.19,0.37,12.6,7
"144",8.5,0.32,0.36,14.9,0.041,47,190,0.9982,3.08,0.31,10,6
"145",7.1,0.26,0.32,14.45,0.074,29,107,0.998,2.96,0.42,9.2,6
"146",8.2,0.52,0.34,1.2,0.042,18,167,0.99366,3.24,0.39,10.6,5
"147",7.2,0.32,0.33,1.4,0.029,29,109,0.9902,3.15,0.51,12.8,7
"148",6.2,0.53,0.02,0.9,0.035,6,81,0.99234,3.24,0.35,9.5,4
"149",7,0.31,0.26,7.4,0.069,28,160,0.9954,3.13,0.46,9.8,6
"150",7.2,0.26,0.4,6.3,0.047,52,172,0.99573,3.18,0.53,9.5,6
"151",7.3,0.2,0.39,2.3,0.048,24,87,0.99044,2.94,0.35,12,6
"152",6.1,0.18,0.38,2.3,0.033,28,111,0.98962,3.16,0.49,12.4,6
"153",6,0.34,0.32,3.8,0.044,13,116,0.99108,3.39,0.44,11.8,7
"154",7.4,0.24,0.42,14,0.066,48,198,0.9979,2.89,0.42,8.9,6
"155",6.8,0.15,0.41,12.9,0.044,79.5,183,0.99742,3.24,0.78,10.2,6
"156",7.6,0.17,0.46,0.9,0.036,63,147,0.99126,3.02,0.41,10.7,6
"157",7.6,0.38,0.2,3.4,0.046,9,116,0.9944,3.15,0.41,9.4,5
"158",6.6,0.21,0.49,18.15,0.042,41,158,0.9997,3.28,0.39,8.7,6
"159",6.2,0.23,0.36,17.2,0.039,37,130,0.99946,3.23,0.43,8.8,6
"160",6.5,0.25,0.5,7.6,0.047,54,184,0.99572,3.17,0.45,9.2,5
"161",7,0.23,0.26,7.2,0.041,21,90,0.99509,3.22,0.55,9.5,6
"162",7,0.27,0.74,1.5,0.036,27,122,0.9926,3.35,0.48,11.2,6
"163",6.6,0.33,0.24,16.05,0.045,31,147,0.99822,3.08,0.52,9.2,5
"164",7.1,0.26,0.34,14.4,0.067,35,189,0.9986,3.07,0.53,9.1,7
"165",7,0.16,0.32,8.3,0.045,38,126,0.9958,3.21,0.34,9.2,5
"166",7.1,0.28,0.26,1.9,0.049,12,86,0.9934,3.15,0.38,9.4,5
"167",7.3,0.23,0.37,1.8,0.032,60,156,0.992,3.11,0.35,11.1,6
"168",7.4,0.2,1.66,2.1,0.022,34,113,0.99165,3.26,0.55,12.2,6
"169",8,0.29,0.29,13.2,0.046,26,113,0.9983,3.25,0.37,9.7,6
"170",6.4,0.3,0.27,5,0.058,27,151,0.99198,3.22,0.49,12.2,6
"171",7.2,0.25,0.39,18.95,0.038,42,155,0.9999,2.97,0.47,9,6
"172",5.9,0.415,0.02,0.8,0.038,22,63,0.9932,3.36,0.36,9.3,5
"173",6.5,0.28,0.29,2.7,0.038,26,107,0.9912,3.32,0.41,11.6,7
"174",6.5,0.29,0.52,7.9,0.049,35,192,0.99551,3.16,0.51,9.5,6
"175",7.6,0.1,0.33,1,0.031,33,93,0.99094,3.06,0.68,11.2,6
"176",7.2,0.34,0.3,8.4,0.051,40,167,0.99756,3.48,0.62,9.7,5
"177",6.9,0.18,0.38,8.1,0.049,44,176,0.9958,3.3,0.54,9.8,6
"178",5.6,0.35,0.4,6.3,0.022,23,174,0.9922,3.54,0.5,11.6,7
"179",7.4,0.19,0.31,14.5,0.045,39,193,0.9986,3.1,0.5,9.2,6
"180",6,0.25,0.28,7.7,0.053,37,132,0.99489,3.06,0.5,9.4,6
"181",6.1,0.4,0.18,9,0.051,28.5,259,0.9964,3.19,0.5,8.8,5
"182",6.7,0.3,0.5,12.1,0.045,38,127,0.9974,3.04,0.53,8.9,6
"183",6.7,0.18,0.28,10.2,0.039,29,115,0.99469,3.11,0.45,10.9,7
"184",7.9,0.26,0.33,10.3,0.039,73,212,0.9969,2.93,0.49,9.5,6
"185",7,0.39,0.21,10.7,0.098,13,91,0.99657,3.03,0.47,9.3,5
"186",8.1,0.17,0.44,14.1,0.053,43,145,1.0006,3.28,0.75,8.8,8
"187",6.8,0.26,0.33,1.5,0.047,44,167,0.9928,3.12,0.44,10.5,6
"188",6.2,0.3,0.21,1.1,0.032,31,111,0.9889,2.97,0.42,12.2,6
"189",6.7,0.31,0.31,9.9,0.04,10,175,0.9953,3.46,0.55,11.4,4
"190",6.3,0.26,0.24,7.2,0.039,38,172,0.9958,3.49,0.64,9.7,6
"191",6,0.24,0.32,6.3,0.03,34,129,0.9946,3.52,0.41,10.4,5
"192",7.5,0.21,0.34,1.2,0.06,26,111,0.9931,3.51,0.47,10.7,6
"193",6.8,0.14,0.35,1.5,0.047,40,117,0.99111,3.07,0.72,11.1,6
"194",6.6,0.25,0.36,8.1,0.045,54,180,0.9958,3.08,0.42,9.2,5
"195",6.9,0.15,0.28,4.4,0.029,14,107,0.99347,3.24,0.46,10.4,8
"196",7,0.34,0.3,1.8,0.045,44,142,0.9914,2.99,0.45,10.8,6
"197",7.8,0.16,0.41,1.7,0.026,29,140,0.991,3.02,0.78,12.5,6
"198",6.1,0.27,0.32,1.1,0.034,24,110,0.9898,3.36,0.4,12.5,6
"199",7.6,0.22,0.34,9.7,0.035,26,143,0.9965,3.08,0.49,9.8,6
"200",7.1,0.16,0.25,1.3,0.034,28,123,0.9915,3.27,0.55,11.4,6
"201",6.4,0.37,0.37,4.85,0.041,39.5,216.5,0.99432,3.1,0.5,9.8,6
"202",7.2,0.37,0.4,11.6,0.032,34,214,0.9963,3.1,0.51,9.8,6
"203",6.6,0.19,0.33,1.8,0.035,42,148,0.99196,3.15,0.36,10.2,5
"204",7.2,0.16,0.26,7.1,0.054,41,224,0.9966,3.38,0.55,10.1,5
"205",7.1,0.27,0.27,10.4,0.041,26,114,0.99335,3.04,0.52,11.5,7
"206",6.4,0.17,0.27,9.9,0.047,26,101,0.99596,3.34,0.5,9.9,6
"207",5.8,0.555,0.26,4.5,0.053,17,126,0.9943,3.24,0.46,9.1,5
"208",6.2,0.345,0.27,10.1,0.056,38,187,0.99486,3.31,0.56,10.6,5
"209",6.1,0.27,0.31,3.9,0.034,42,137,0.99218,3.24,0.46,10.9,6
"210",7.8,0.34,0.27,1.2,0.04,25,106,0.9932,3.01,0.55,10.4,5
"211",7.8,0.3,0.37,1.3,0.051,16,96,0.9941,3.32,0.62,10,5
"212",6.7,0.36,0.28,8.3,0.034,29,81,0.99151,2.96,0.39,12.5,6
"213",6.7,0.27,0.25,8,0.053,54,202,0.9961,3.22,0.43,9.3,5
"214",6.1,0.27,0.31,1.5,0.035,17,83,0.99076,3.32,0.44,11.1,7
"215",7,0.2,0.38,8.1,0.05,42,173,0.99585,3.3,0.54,9.8,6
"216",6.6,0.18,0.28,3.3,0.044,18,91,0.993,3.42,0.64,10.8,6
"217",6.7,0.35,0.48,8.8,0.056,35,167,0.99628,3.04,0.47,9.4,5
"218",6.4,0.24,0.28,11.5,0.05,34,163,0.9969,3.31,0.45,9.5,5
"219",5.9,0.23,0.24,1.6,0.037,32,115,0.99076,3.21,0.51,11.4,6
"220",6.9,0.21,0.33,1.8,0.034,48,136,0.9899,3.25,0.41,12.6,7
"221",5.8,0.33,0.23,5,0.053,29,106,0.99458,3.13,0.52,9,5
"222",6.8,0.16,0.29,10.4,0.046,59,143,0.99518,3.2,0.4,10.8,6
"223",7,0.36,0.32,10.05,0.045,37,131,0.99352,3.09,0.33,11.7,8
"224",6.8,0.31,0.32,7.6,0.052,35,143,0.9959,3.14,0.38,9,5
"225",6.5,0.24,0.19,1.2,0.041,30,111,0.99254,2.99,0.46,9.4,6
"226",5.9,0.29,0.16,7.9,0.044,48,197,0.99512,3.21,0.36,9.4,5
"227",7.7,0.35,0.46,11.8,0.088,61,183,0.99786,2.86,0.47,9,5
"228",6.8,0.33,0.3,2.1,0.047,35,147,0.9886,3.24,0.56,13.4,6
"229",5.7,0.22,0.22,16.65,0.044,39,110,0.99855,3.24,0.48,9,6
"230",6.3,0.34,0.28,14.7,0.047,49,198,0.9977,3.23,0.46,9.5,5
"231",6.9,0.25,0.35,9.2,0.034,42,150,0.9947,3.21,0.36,11.5,6
"232",6.1,0.34,0.46,4.7,0.029,21,94,0.991,3.29,0.62,12.3,6
"233",6.7,0.39,0.31,2.7,0.054,27,202,0.9948,3.46,0.57,10.5,6
"234",7.1,0.26,0.32,14.45,0.074,29,107,0.998,2.96,0.42,9.2,6
"235",6.2,0.24,0.35,1.2,0.038,22,167,0.9912,3.1,0.48,10.6,6
"236",6,0.16,0.3,6.7,0.043,43,153,0.9951,3.63,0.46,10.6,5
"237",5.4,0.29,0.47,3,0.052,47,145,0.993,3.29,0.75,10,6
"238",6.5,0.29,0.31,1.7,0.035,24,79,0.99053,3.27,0.69,11.4,7
"239",6.2,0.66,0.48,1.2,0.029,29,75,0.9892,3.33,0.39,12.8,8
"240",7.2,0.24,0.27,11.4,0.034,40,174,0.99773,3.2,0.44,9,5
"241",6.4,0.32,0.31,1.9,0.037,34,126,0.99,3.06,0.45,11.8,6
"242",7,0.24,0.3,4.2,0.04,41,213,0.9927,3.28,0.49,11.8,6
"243",6,0.32,0.3,1.9,0.033,41,142,0.98912,3.29,0.42,12.8,7
"244",5.8,0.26,0.29,1,0.042,35,101,0.99044,3.36,0.48,11.4,7
"245",6.8,0.22,0.26,1.2,0.041,29,182,0.99104,3.04,0.35,11.2,5
"246",6.3,0.18,0.22,1.5,0.043,45,155,0.99238,3.19,0.48,10.2,5
"247",7.3,0.28,0.35,1.6,0.054,31,148,0.99178,3.18,0.47,10.7,5
"248",6.3,0.23,0.33,6.9,0.052,23,118,0.9938,3.23,0.46,10.4,6
"249",5.6,0.27,0.37,0.9,0.025,11,49,0.98845,3.29,0.33,13.1,6
"250",5.8,0.3,0.23,1.5,0.034,37,121,0.98871,2.96,0.34,12.1,6
"251",8.9,0.21,0.37,1.2,0.028,20,93,0.99244,3.2,0.37,11.5,5
"252",7.6,0.38,0.28,4.2,0.029,7,112,0.9906,3,0.41,12.6,6
"253",7.2,0.25,0.28,14.4,0.055,55,205,0.9986,3.12,0.38,9,7
"254",6.7,0.31,0.32,14.5,0.038,6,79,0.99412,3.14,0.34,12.5,5
"255",7.5,0.38,0.5,12.8,0.042,57,184,0.9984,3.09,0.46,9,6
"256",7.2,0.19,0.39,1.2,0.036,32,85,0.9918,3.16,0.5,10.5,5
"257",6.8,0.14,0.18,1.4,0.047,30,90,0.99164,3.27,0.54,11.2,6
"258",6,0.27,0.15,1.5,0.056,35,128,0.9936,3.12,0.45,8.8,5
"259",6.8,0.18,0.37,1.5,0.027,37,93,0.992,3.3,0.45,10.8,6
"260",5.4,0.255,0.33,1.2,0.051,29,122,0.99048,3.37,0.66,11.3,6
"261",7.1,0.3,0.36,6.8,0.055,44.5,234,0.9972,3.49,0.64,10.2,6
"262",7.6,0.52,0.49,14,0.034,37,156,0.9958,3.14,0.38,11.8,7
"263",8.3,0.41,0.51,2,0.046,11,207,0.993,3.02,0.55,11.4,5
"264",6.9,0.3,0.21,7.2,0.045,54,190,0.99595,3.22,0.48,9.4,5
"265",9.7,0.24,0.49,4.9,0.032,3,18,0.99368,2.85,0.54,10,6
"266",6.6,0.21,0.5,8.7,0.036,41,191,0.99294,2.96,0.56,11,6
"267",6.2,0.2,0.26,9.7,0.03,39,102,0.9908,3.08,0.56,12.9,7
"268",8.1,0.45,0.34,8.3,0.037,33,216,0.9976,3.31,0.64,9.7,5
"269",6.6,0.22,0.23,17.3,0.047,37,118,0.99906,3.08,0.46,8.8,6
"270",7.8,0.42,0.26,9.2,0.058,34,199,0.9972,3.14,0.55,9.3,6
"271",6.1,0.32,0.24,1.5,0.036,38,124,0.9898,3.29,0.42,12.4,7
"272",5.3,0.16,0.39,1,0.028,40,101,0.99156,3.57,0.59,10.6,6
"273",6.5,0.2,0.35,3.9,0.04,27,140,0.99102,2.98,0.53,11.8,6
"274",6.9,0.24,0.33,12.5,0.046,47,153,0.9983,3.28,0.77,9.6,6
"275",6.7,0.41,0.34,9.2,0.049,29,150,0.9968,3.22,0.51,9.1,5
"276",7.4,0.31,0.48,14.2,0.042,62,204,0.9983,3.06,0.59,9.4,5
"277",6.3,0.17,0.32,4.2,0.04,37,117,0.99182,3.24,0.43,11.3,6
"278",6.2,0.25,0.21,15.55,0.039,28,159,0.9982,3.48,0.64,9.6,6
"279",7.4,0.19,0.3,12.8,0.053,48.5,229,0.9986,3.14,0.49,9.1,7
"280",7.7,0.31,0.26,7.8,0.031,23,90,0.9944,3.13,0.5,10.4,5
"281",6.9,0.19,0.35,5,0.067,32,150,0.995,3.36,0.48,9.8,5
"282",5.9,0.415,0.13,1.4,0.04,11,64,0.9922,3.29,0.52,10.5,5
"283",7.7,0.28,0.35,15.3,0.056,31,117,0.9998,3.27,0.5,9.6,5
"284",6.8,0.67,0.3,13,0.29,22,193,0.9984,3.08,0.67,9,4
"285",7.6,0.39,0.46,11.7,0.084,55,170,0.99773,2.91,0.51,9,5
"286",6.5,0.19,0.3,0.8,0.043,33,144,0.9936,3.42,0.39,9.1,6
"287",6,0.28,0.35,1.9,0.037,16,120,0.9933,3.16,0.69,10.6,5
"288",6,0.29,0.21,15.55,0.043,20,142,0.99658,3.11,0.54,10.1,6
"289",5.6,0.19,0.26,1.4,0.03,12,76,0.9905,3.25,0.37,10.9,7
"290",6.8,0.32,0.34,6,0.05,5,129,0.9953,3.19,0.4,9.1,5
"291",7.2,0.32,0.24,5.6,0.033,23,120,0.99334,2.92,0.66,10.3,7
"292",7.8,0.3,0.29,16.85,0.054,23,135,0.9998,3.16,0.38,9,6
"293",6.3,0.19,0.29,2,0.022,33,96,0.98902,3.04,0.54,12.8,7
"294",7.3,0.18,0.29,1,0.036,26,101,0.99,3.09,0.37,11.7,6
"295",8.4,0.2,0.38,11.8,0.055,51,170,1.0004,3.34,0.82,8.9,6
"296",7.3,0.21,0.29,1.6,0.034,29,118,0.9917,3.3,0.5,11,8
"297",7.3,0.22,0.41,15.4,0.05,55,191,1,3.32,0.59,8.9,6
"298",6,0.31,0.32,7.4,0.175,47,159,0.9952,3.19,0.5,9.4,6
"299",6.1,0.34,0.31,12,0.053,46,238,0.9977,3.16,0.48,8.6,5
"300",5.9,0.22,0.29,4.2,0.037,69,144,0.99214,3.13,0.74,10.8,7
"301",6.8,0.22,0.29,8.9,0.046,82,188,0.9955,3.3,0.44,10.3,6
"302",7.6,0.27,0.3,9.2,0.018,23,96,0.9938,3.08,0.29,11,6
"303",6.5,0.33,0.3,3.8,0.036,34,88,0.99028,3.25,0.63,12.5,7
"304",5.4,0.31,0.47,3,0.053,46,144,0.9931,3.29,0.76,10,5
"305",6.1,0.22,0.5,6.6,0.045,30,122,0.99415,3.22,0.49,9.9,6
"306",6.8,0.19,0.33,1.3,0.031,22,87,0.98987,3.08,0.62,12.3,7
"307",7,0.22,0.31,2.7,0.03,41,136,0.9898,3.16,0.37,12.7,7
"308",8.4,0.35,0.56,13.8,0.048,55,190,0.9993,3.07,0.58,9.4,6
"309",5.4,0.205,0.16,12.55,0.051,31,115,0.99564,3.4,0.38,10.8,6
"310",5.8,0.32,0.28,4.3,0.032,46,115,0.98946,3.16,0.57,13,8
"311",6.3,0.6,0.44,11,0.05,50,245,0.9972,3.19,0.57,9.3,4
"312",6.7,0.18,0.3,6.4,0.048,40,251,0.9956,3.29,0.52,10,5
"313",8.4,0.2,0.27,6.3,0.048,30,143,0.9966,3.25,0.5,9.1,6
"314",7,0.29,0.33,0.9,0.041,20,117,0.99048,3.21,0.5,11.4,5
"315",7.6,0.16,0.44,1.4,0.043,25,109,0.9932,3.11,0.75,10.3,6
"316",7.2,0.28,0.38,2,0.052,23,156,0.9912,3.13,0.52,11.1,5
"317",6.1,0.17,0.28,2.5,0.028,22,98,0.99072,3.16,0.37,11.1,7
"318",7.5,0.41,0.23,14.8,0.054,28,174,0.99898,3.18,0.49,9.7,5
"319",6.7,0.46,0.18,2.4,0.034,25,98,0.9896,3.08,0.44,12.6,7
"320",5.8,0.28,0.3,1.5,0.026,31,114,0.98952,3.32,0.6,12.5,7
"321",6.4,0.31,0.53,8.8,0.057,36,221,0.99642,3.17,0.44,9.1,5
"322",6.9,0.44,0.42,8.5,0.048,10,147,0.9974,3.32,0.46,9.5,6
"323",6.7,0.3,0.49,4.8,0.034,36,158,0.9945,3.12,0.45,9.9,6
"324",9.7,0.14,0.59,1.5,0.049,23,142,0.9958,2.98,0.62,9.5,5
"325",7.9,0.51,0.36,6.2,0.051,30,173,0.9984,3.09,0.53,9.7,5
"326",6.8,0.19,0.32,7.6,0.049,37,107,0.99332,3.12,0.44,10.7,7
"327",5.8,0.24,0.44,3.5,0.029,5,109,0.9913,3.53,0.43,11.7,3
"328",7.8,0.32,0.31,1.7,0.036,46,195,0.993,3.03,0.48,10.5,5
"329",6.1,0.6,0,1.3,0.042,24,79,0.9937,3.31,0.38,9.4,4
"330",6.2,0.2,0.25,15,0.055,8,120,0.99767,3.19,0.53,9.6,6
"331",6.7,0.47,0.34,8.9,0.043,31,172,0.9964,3.22,0.6,9.2,5
"332",6.4,0.5,0.2,2.4,0.059,19,112,0.99314,3.18,0.4,9.2,6
"333",6.6,0.22,0.28,4.9,0.042,51,180,0.9952,3.3,0.75,9.5,6
"334",6.1,0.14,0.25,1.3,0.047,37,173,0.9925,3.35,0.46,10,6
"335",6,0.24,0.27,1.9,0.048,40,170,0.9938,3.64,0.54,10,7
"336",7.6,0.2,0.3,14.2,0.056,53,212.5,0.999,3.14,0.46,8.9,8
"337",6.6,0.34,0.2,1,0.053,26,112,0.99336,3.32,0.55,9.1,5
"338",7.7,0.39,0.34,10,0.056,35,178,0.9974,3.26,0.6,10.2,5
"339",7,0.21,0.28,8.7,0.045,37,222,0.9954,3.25,0.54,10.4,6
"340",6.3,0.31,0.3,10,0.046,49,212,0.9962,3.74,0.55,11.9,6
"341",6.6,0.32,0.34,7.7,0.044,63,212,0.99526,3.22,0.48,9.7,6
"342",6.3,0.25,0.27,6.6,0.054,40,158,0.99378,3.2,0.48,10.3,5
"343",6.1,0.19,0.25,4,0.023,23,112,0.9923,3.37,0.51,11.6,6
"344",6.3,0.48,0.48,1.8,0.035,35,96,0.99121,3.49,0.74,12.2,6
"345",7.9,0.21,0.39,2,0.057,21,138,0.99176,3.05,0.52,10.9,5
"346",6.9,0.44,0.27,5,0.038,33,166,0.99124,3.2,0.42,12.2,6
"347",9,0.31,0.49,6.9,0.034,26,91,0.9937,2.99,0.34,11.5,5
"348",8.2,0.27,0.43,1.6,0.035,31,128,0.9916,3.1,0.5,12.3,6
"349",7.2,0.23,0.19,13.7,0.052,47,197,0.99865,3.12,0.53,9,5
"350",5.6,0.18,0.58,1.25,0.034,29,129,0.98984,3.51,0.6,12,7
"351",7.1,0.44,0.37,2.7,0.041,35,128,0.9896,3.07,0.43,13.5,7
"352",6.8,0.31,0.19,3.5,0.086,30,130,0.993,2.83,0.44,9.6,5
"353",6.5,0.43,0.31,3.6,0.046,19,143,0.99022,3.15,0.34,12,8
"354",7.1,0.32,0.3,9.9,0.041,63,192,0.99642,3.12,0.49,10.2,6
"355",6.2,0.16,0.54,1.4,0.126,37,110,0.9932,3.23,0.37,8.9,6
"356",9.1,0.27,0.32,1.1,0.031,15,151,0.9936,3.03,0.41,10.6,5
"357",6.2,0.25,0.54,7,0.046,58,176,0.99454,3.19,0.7,10.4,5
"358",7.1,0.42,0.2,2.8,0.038,28,109,0.98968,3.23,0.47,13.4,6
"359",7.4,0.31,0.26,8.6,0.048,47,206,0.9964,3.26,0.36,9.1,5
"360",5.9,0.26,0.4,1.3,0.047,12,139,0.9945,3.45,0.53,10.4,5
"361",6.2,0.31,0.23,3.3,0.052,34,113,0.99429,3.16,0.48,8.4,5
"362",6.2,0.3,0.2,6.6,0.045,42,170,0.9944,3.36,0.45,10.4,6
"363",6,0.28,0.25,1.8,0.042,8,108,0.9929,3.08,0.55,9,5
"364",7.3,0.51,0.26,3.3,0.09,7,135,0.9944,3.01,0.52,8.8,5
"365",7.8,0.26,0.31,3.6,0.025,22,100,0.99066,2.99,0.47,12.1,7
"366",7.6,0.39,0.32,3.6,0.035,22,93,0.99144,3.08,0.6,12.5,7
"367",7.5,0.19,0.49,1.8,0.055,19,110,0.9946,3.33,0.44,9.9,5
"368",7.6,0.2,0.3,14.2,0.056,53,212.5,0.999,3.14,0.46,8.9,8
"369",6.4,0.105,0.29,1.1,0.035,44,140,0.99142,3.17,0.55,10.7,7
"370",6.1,0.17,0.42,15.1,0.033,28,124,0.99684,2.87,0.47,9.5,5
"371",8,0.34,0.25,6.4,0.035,38,103,0.99148,2.91,0.23,12.2,6
"372",5.5,0.35,0.35,1.1,0.045,14,167,0.992,3.34,0.68,9.9,6
"373",8,0.23,0.46,1.5,0.03,30,125,0.9907,3.23,0.47,12.5,6
"374",7.2,0.25,0.39,18.95,0.038,42,155,0.9999,2.97,0.47,9,6
"375",6.6,0.39,0.39,11.9,0.057,51,221,0.99851,3.26,0.51,8.9,6
"376",6.5,0.24,0.39,17.3,0.052,22,126,0.99888,3.11,0.47,9.2,6
"377",7.1,0.2,0.36,11.6,0.042,45,124,0.997,2.92,0.59,9.5,7
"378",7.7,0.39,0.28,4.9,0.035,36,109,0.9918,3.19,0.58,12.2,7
"379",6.5,0.27,0.26,11,0.03,2,82,0.99402,3.07,0.36,11.2,5
"380",6.9,0.19,0.35,1.7,0.036,33,101,0.99315,3.21,0.54,10.8,7
"381",7.1,0.2,0.3,0.9,0.019,4,28,0.98931,3.2,0.36,12,6
"382",5.6,0.18,0.29,2.3,0.04,5,47,0.99126,3.07,0.45,10.1,4
"383",7.7,0.24,0.31,1.3,0.047,33,106,0.993,3.22,0.55,10.8,6
"384",7.6,0.23,0.4,5.2,0.066,14,91,0.99488,3.17,0.8,9.7,5
"385",9.4,0.3,0.32,10.7,0.029,14,111,0.9958,2.85,0.42,10.6,5
"386",7.6,0.28,0.39,1.9,0.052,23,116,0.9941,3.25,0.4,10.4,6
"387",6.9,0.16,0.37,1.8,0.034,36,95,0.98952,2.93,0.59,12,6
"388",7,0.28,0.32,7.75,0.032,30,114,0.99158,3.12,0.64,12.8,7
"389",6.9,0.2,0.4,7.7,0.032,51,176,0.9939,3.22,0.27,11.4,5
"390",7,0.32,0.29,7.6,0.025,35,124,0.99162,3.15,0.65,12.8,7
"391",6.9,0.33,0.28,1.3,0.051,37,187,0.9927,3.27,0.6,10.3,5
"392",5.4,0.185,0.19,7.1,0.048,36,110,0.99438,3.26,0.41,9.5,6
"393",8.2,0.28,0.42,1.8,0.031,30,93,0.9917,3.09,0.39,11.4,5
"394",8,0.36,0.39,1.6,0.024,26,93,0.99116,3.15,0.49,11.9,6
"395",6.2,0.32,0.5,6.5,0.048,61,186,0.9948,3.19,0.45,9.6,5
"396",8,0.22,0.42,14.6,0.044,45,163,1.0003,3.21,0.69,8.6,7
"397",6,0.2,0.26,6.8,0.049,22,93,0.9928,3.15,0.42,11,6
"398",6.3,0.41,0.22,7.3,0.035,23,117,0.99172,3.2,0.39,11.94,7
"399",7.5,0.21,0.34,1.2,0.06,26,111,0.9931,3.51,0.47,10.7,6
"400",6.6,0.35,0.34,4.9,0.032,9,125,0.99253,3.32,0.81,12,5
"401",6.5,0.27,0.4,10,0.039,74,227,0.99582,3.18,0.5,9.4,5
"402",6.6,0.17,0.3,1.1,0.031,13,73,0.99095,3.17,0.58,11,6
"403",6.5,0.28,0.27,5.2,0.04,44,179,0.9948,3.19,0.69,9.4,6
"404",5.6,0.18,0.31,1.5,0.038,16,84,0.9924,3.34,0.58,10.1,6
"405",6.5,0.21,0.35,5.7,0.043,47,197,0.99392,3.24,0.5,10.1,6
"406",6.1,0.46,0.32,6.2,0.053,10,94,0.99537,3.35,0.47,10.1,5
"407",9.4,0.23,0.56,16.45,0.063,52.5,282,1.00098,3.1,0.51,9.3,5
"408",6.8,0.28,0.6,1.1,0.132,42,127,0.9934,3.09,0.44,9.1,6
"409",7.2,0.26,0.74,13.6,0.05,56,162,0.998,3.03,0.44,8.8,5
"410",6.5,0.38,0.34,3.4,0.036,34,200,0.9937,3.14,0.76,10,5
"411",7.4,0.22,0.27,1.6,0.057,45,98,0.99299,3.29,0.44,9.9,7
"412",6.8,0.29,0.5,13.3,0.053,48,194,0.9974,3.09,0.45,9.4,5
"413",7,0.44,0.24,12.1,0.056,68,210,0.99718,3.05,0.5,9.5,5
"414",6.5,0.29,0.31,1.7,0.035,24,79,0.99053,3.27,0.69,11.4,7
"415",6.4,0.28,0.17,8.3,0.042,61,195,0.99577,3.22,0.46,9.4,5
"416",6.9,0.15,0.28,4.4,0.029,14,107,0.99347,3.24,0.46,10.4,8
"417",6.8,0.36,0.32,1.6,0.039,10,124,0.9948,3.3,0.67,9.6,5
"418",8.2,0.2,0.38,3.5,0.053,41,174,0.99306,3.22,0.41,11.6,5
"419",7.2,0.24,0.36,2,0.029,21,63,0.99076,3.13,0.63,12.5,6
"420",5.6,0.39,0.24,4.7,0.034,27,77,0.9906,3.28,0.36,12.7,5
"421",6.2,0.16,0.32,1.1,0.036,74,184,0.99096,3.22,0.41,11,6
"422",6.8,0.32,0.23,3.3,0.026,31,99,0.9896,3.1,0.4,12.4,6
"423",5.6,0.2,0.66,10.2,0.043,78,175,0.9945,2.98,0.43,10.4,7
"424",7.4,0.19,0.49,6.7,0.037,15,110,0.9938,3.2,0.38,11,7
"425",6.8,0.45,0.28,26.05,0.031,27,122,1.00295,3.06,0.42,10.6,6
"426",7.3,0.18,0.29,1.2,0.044,12,143,0.9918,3.2,0.48,11.3,7
"427",6.8,0.17,0.34,2,0.04,38,111,0.99,3.24,0.45,12.9,6
"428",9,0.2,0.33,3.5,0.049,10,40,0.9944,3.14,0.36,9.8,6
"429",7.2,0.23,0.19,13.7,0.052,47,197,0.99865,3.12,0.53,9,5
"430",8.6,0.26,0.41,2.2,0.049,29,111,0.9941,2.96,0.44,10,5
"431",5,0.27,0.32,4.5,0.032,58,178,0.98956,3.45,0.31,12.6,7
"432",8.4,0.27,0.46,8.7,0.048,39,197,0.9974,3.14,0.59,9.6,6
"433",7,0.31,0.29,1.4,0.037,33,128,0.9896,3.12,0.36,12.2,7
"434",9.4,0.24,0.29,8.5,0.037,124,208,0.99395,2.9,0.38,11,3
"435",6.1,0.26,0.51,2.2,0.05,61,154,0.9929,3.08,0.6,9.8,6
"436",6.1,0.24,0.32,9,0.031,41,134,0.99234,3.25,0.26,12.3,7
"437",7.4,0.32,0.55,16.6,0.056,53,238,1.0017,2.96,0.58,8.7,6
"438",7.9,0.25,0.29,5.3,0.031,33,117,0.9918,3.06,0.32,11.8,7
"439",6.8,0.19,0.71,17.5,0.042,21,114,0.99784,2.85,0.5,9.5,6
"440",6.4,0.31,0.28,1.5,0.037,12,119,0.9919,3.32,0.51,10.4,7
"441",7.1,0.43,0.3,6.6,0.025,15,138,0.99126,3.18,0.46,12.6,6
"442",6.8,0.11,0.42,1.1,0.042,51,132,0.99059,3.18,0.74,11.3,7
"443",6.7,0.54,0.27,7.1,0.049,8,178,0.99502,3.16,0.38,9.4,4
"444",6,0.14,0.37,1.2,0.032,63,148,0.99185,3.32,0.44,11.2,5
"445",7.2,0.22,0.28,7.2,0.06,41,132,0.9935,3.08,0.59,11.3,6
"446",6.3,0.26,0.25,5.2,0.046,11,133,0.99202,2.97,0.68,11,6
"447",7.7,0.29,0.48,2.3,0.049,36,178,0.9931,3.17,0.64,10.6,6
"448",5.6,0.245,0.25,9.7,0.032,12,68,0.994,3.31,0.34,10.5,5
"449",6.8,0.19,0.23,5.1,0.034,71,204,0.9942,3.23,0.69,10.1,5
"450",7.3,0.19,0.25,1.4,0.051,41,107,0.99382,3.53,0.66,10.5,7
"451",7.6,0.2,0.39,2.6,0.044,30,180,0.9941,3.46,0.44,10.8,7
"452",6.9,0.28,0.24,2.1,0.034,49,121,0.98882,2.98,0.43,13.2,7
"453",7.7,0.31,0.23,2,0.069,29,134,0.99382,3.11,0.62,9.8,5
"454",6.8,0.17,0.36,1.4,0.036,38,108,0.99006,3.19,0.66,12,6
"455",8.8,0.23,0.35,10.7,0.04,26,183,0.9984,2.93,0.49,9.1,6
"456",6.6,0.2,0.32,1.1,0.039,25,78,0.9926,3.39,0.54,10.2,7
"457",7.2,0.33,0.28,1.4,0.034,26,109,0.99246,3.28,0.57,10.6,6
"458",7,0.24,0.34,3,0.035,36,102,0.9905,3.18,0.43,12.2,6
"459",6.2,0.2,0.28,1.1,0.039,24,78,0.9899,3.36,0.47,12.1,6
"460",6.6,0.39,0.39,11.9,0.057,51,221,0.99851,3.26,0.51,8.9,6
"461",6.3,0.2,0.3,5.9,0.034,35,152,0.99642,3.47,0.4,8.5,6
"462",6.2,0.22,0.28,2.2,0.04,24,125,0.9917,3.19,0.48,10.5,6
"463",7,0.28,0.32,1.7,0.038,27,128,0.99375,3.2,0.62,10.2,6
"464",7.3,0.32,0.23,13.7,0.05,49,197,0.9985,3.2,0.46,8.7,5
"465",6.8,0.29,0.49,1.4,0.142,52,148,0.9937,3.08,0.49,9,6
"466",5.9,0.17,0.29,3.1,0.03,32,123,0.98913,3.41,0.33,13.7,7
"467",6.6,0.34,0.28,1.3,0.035,32,90,0.9916,3.1,0.42,10.7,6
"468",7,0.35,0.24,1.9,0.04,21,144,0.9923,3.35,0.38,11,5
"469",7,0.32,0.29,4.9,0.036,41,150,0.99168,3.38,0.43,12.2,6
"470",7.8,0.4,0.49,7.8,0.06,34,162,0.9966,3.26,0.58,11.3,6
"471",6.8,0.23,0.4,1.6,0.047,5,133,0.993,3.23,0.7,11.4,6
"472",5.9,0.28,0.39,1.4,0.031,47,147,0.98836,3.08,0.64,12.9,7
"473",6,0.19,0.26,12.4,0.048,50,147,0.9972,3.3,0.36,8.9,6
"474",7.1,0.22,0.32,16.9,0.056,49,158,0.9998,3.37,0.38,9.6,6
"475",4.8,0.29,0.23,1.1,0.044,38,180,0.98924,3.28,0.34,11.9,6
"476",6.6,0.22,0.34,11.6,0.05,59,140,0.99526,3.22,0.4,10.8,5
"477",7.3,0.2,0.39,2.3,0.048,24,87,0.99044,2.94,0.35,12,6
"478",8.7,0.3,0.34,4.8,0.018,23,127,0.99474,3.12,0.49,11.2,7
"479",7.6,0.13,0.34,9.3,0.062,40,126,0.9966,3.21,0.39,9.6,5
"480",5.7,0.31,0.29,7.3,0.05,33,143,0.99332,3.31,0.5,11.0666666666667,6
"481",7,0.27,0.29,3.9,0.059,28,199,0.9961,3.54,0.59,10.3,5
"482",5.6,0.185,0.19,7.1,0.048,36,110,0.99438,3.26,0.41,9.5,6
"483",6.7,0.3,0.5,12.1,0.045,38,127,0.9974,3.04,0.53,8.9,6
"484",5.8,0.2,0.27,1.4,0.031,12,77,0.9905,3.25,0.36,10.9,7
"485",6.8,0.16,0.36,1.3,0.034,32,98,0.99058,3.02,0.58,11.3,6
"486",6.4,0.12,0.49,6.4,0.042,49,161,0.9945,3.34,0.44,10.4,6
"487",9.4,0.28,0.3,1.6,0.045,36,139,0.99534,3.11,0.49,9.3,5
"488",8.4,0.16,0.33,1.5,0.033,16,98,0.994,3.14,0.42,9.7,6
"489",7,0.36,0.32,10.05,0.045,37,131,0.99352,3.09,0.33,11.7,8
"490",6.4,0.22,0.34,1.8,0.057,29,104,0.9959,3.81,0.57,10.3,6
"491",8.2,0.29,0.33,9.1,0.036,28,118,0.9953,2.96,0.4,10.9,7
"492",7.7,0.42,0.31,9.2,0.048,22,221,0.9969,3.06,0.61,9.2,6
"493",6,0.26,0.15,1.2,0.053,35,124,0.99347,3.08,0.46,8.8,5
"494",6.3,0.23,0.21,5.1,0.035,29,142,0.9942,3.36,0.33,10.1,7
"495",5.3,0.3,0.3,1.2,0.029,25,93,0.98742,3.31,0.4,13.6,7
"496",6.8,0.37,0.28,4,0.03,29,79,0.99,3.23,0.46,12.4,7
"497",6.6,0.285,0.49,11.4,0.035,57,137,0.99732,3.08,0.54,8.9,6
"498",6.2,0.36,0.45,10.4,0.06,22,184,0.99711,3.31,0.56,9.8,6
"499",6.4,0.26,0.21,7.1,0.04,35,162,0.9956,3.39,0.58,9.9,6
"500",8.2,0.21,0.32,10.65,0.053,53,145,0.9972,3.17,0.48,10.2,6
"501",6.3,0.18,0.24,3.4,0.053,20,119,0.99373,3.11,0.52,9.2,6
"502",6.6,0.16,0.35,1.8,0.042,26,105,0.98962,3.19,0.75,12.4,7
"503",6.8,0.34,0.1,1.4,0.049,29,118,0.9936,3.21,0.41,9.5,5
"504",5.5,0.28,0.21,1.6,0.032,23,85,0.99027,3.42,0.42,12.5,5
"505",6.4,0.14,0.28,7.9,0.057,21,82,0.99425,3.26,0.36,10,6
"506",9.2,0.18,0.49,1.5,0.041,39,130,0.9945,3.04,0.49,9.8,7
"507",6.2,0.18,0.49,4.5,0.047,17,90,0.9919,3.27,0.37,11.6,6
"508",6.2,0.25,0.25,1.4,0.03,35,105,0.9912,3.3,0.44,11.1,7
"509",7.2,0.24,0.24,1.7,0.045,18,161,0.99196,3.25,0.53,11.2,6
"510",5.5,0.31,0.29,3,0.027,16,102,0.99067,3.23,0.56,11.2,6
"511",7.6,0.23,0.29,8.6,0.053,65,146,0.9963,3.11,0.32,9.8,6
"512",7.4,0.22,0.26,8.8,0.027,23,112,0.9931,2.98,0.41,11.4,6
"513",6.4,0.33,0.24,9.8,0.041,29,109,0.9956,3.29,0.47,10.1,6
"514",8.3,0.36,0.57,15,0.052,35,256,1.0001,2.93,0.64,8.6,5
"515",8.1,0.22,0.28,7.7,0.043,57,176,0.9954,3.12,0.55,10,5
"516",7.9,0.3,0.6,1.85,0.048,13,106,0.99331,3.24,0.49,11.85,5
"517",7.8,0.21,0.49,1.35,0.052,6,48,0.9911,3.15,0.28,11.4,5
"518",8.3,0.23,0.3,2.1,0.049,21,153,0.9953,3.09,0.5,9.6,6
"519",6.5,0.22,0.72,6.8,0.042,33,168,0.9958,3.12,0.36,9.2,6
"520",6.4,0.28,0.28,3,0.04,19,98,0.99216,3.25,0.47,11.1,6
"521",6.2,0.24,0.22,7.9,0.053,45,149,0.99545,3.23,0.52,9.3,5
"522",6.7,0.16,0.37,1.3,0.036,45,125,0.98964,3.19,0.51,12.4,7
"523",7,0.15,0.38,2.2,0.047,33,96,0.9928,3.13,0.39,10.4,8
"524",6.2,0.15,0.46,1.6,0.039,38,123,0.993,3.38,0.51,9.7,6
"525",7.1,0.28,0.44,1.8,0.032,32,107,0.9907,3.25,0.48,12.2,7
"526",5.2,0.405,0.15,1.45,0.038,10,44,0.99125,3.52,0.4,11.6,4
"527",6.9,0.29,0.23,8.6,0.056,56,215,0.9967,3.17,0.44,8.8,5
"528",7.3,0.21,0.3,10.9,0.037,18,112,0.997,3.4,0.5,9.6,6
"529",6.3,0.22,0.57,1.4,0.208,14,96,0.9932,3.16,0.43,10,6
"530",6.3,0.22,0.28,2.4,0.042,38,102,0.98998,3.14,0.37,11.6,7
"531",6.7,0.25,0.26,13.5,0.06,50,156,0.99784,3.39,0.46,9.9,6
"532",6.7,0.25,0.23,7.2,0.038,61,220,0.9952,3.14,0.35,9.5,5
"533",6.6,0.22,0.53,15.1,0.052,22,136,0.9986,2.94,0.35,9.4,5
"534",7.2,0.47,0.16,5.9,0.048,14,125,0.99428,3.09,0.49,9.8,5
"535",6.6,0.27,0.41,1.3,0.052,16,142,0.9951,3.42,0.47,10,6
"536",6.2,0.3,0.26,13.4,0.046,57,206,0.99775,3.17,0.43,9.5,6
"537",6.8,0.24,0.35,6.4,0.048,44,172,0.9944,3.29,0.55,10.5,7
"538",6.3,0.27,0.18,7.7,0.048,45,186,0.9962,3.23,0.47,9,5
"539",6.6,0.16,0.3,1.6,0.034,15,78,0.992,3.38,0.44,11.2,6
"540",7.3,0.32,0.34,6.6,0.032,24,112,0.99505,3.22,0.46,9.8,6
"541",7.9,0.51,0.34,2.6,0.049,13,135,0.99335,3.09,0.51,10,5
"542",6.4,0.38,0.19,4.5,0.038,36,119,0.99151,3.07,0.42,11.2,6
"543",6.5,0.18,0.26,1.4,0.041,40,141,0.9941,3.34,0.72,9.5,6
"544",7.5,0.33,0.32,11.1,0.036,25,119,0.9962,3.15,0.34,10.5,6
"545",6.2,0.23,0.36,17.2,0.039,37,130,0.99946,3.23,0.43,8.8,6
"546",7.4,0.25,0.37,2.6,0.05,24,132,0.99138,3.04,0.53,11.2,6
"547",6.2,0.3,0.28,1.6,0.036,28,106,0.988245,3.14,0.41,13.3,6
"548",5.7,0.31,0.28,4.1,0.03,22,86,0.99062,3.31,0.38,11.7,7
"549",6.2,0.47,0.19,8.3,0.029,24,142,0.992,3.22,0.45,12.3,6
"550",6.4,0.26,0.4,1.7,0.179,5,60,0.9925,3.09,0.54,10.1,5
"551",6.5,0.37,0.3,2.2,0.033,39,107,0.98894,3.22,0.53,13.5,7
"552",7.4,0.26,0.32,3.7,0.032,29,193,0.99134,3.1,0.67,12.5,6
"553",6,0.22,0.28,1.1,0.034,47,90,0.98862,3.22,0.38,12.6,6
"554",6.5,0.32,0.34,5.7,0.044,27,91,0.99184,3.28,0.6,12,7
"555",8.4,0.35,0.56,13.8,0.048,55,190,0.9993,3.07,0.58,9.4,6
"556",5.7,0.255,0.65,1.2,0.079,17,137,0.99307,3.2,0.42,9.4,5
"557",6.5,0.27,0.19,4.2,0.046,6,114,0.9955,3.25,0.35,8.6,4
"558",7.3,0.25,0.29,7.5,0.049,38,158,0.9965,3.43,0.38,9.6,5
"559",6.8,0.18,0.3,12.8,0.062,19,171,0.99808,3,0.52,9,7
"560",5.9,0.37,0.14,6.3,0.036,34,185,0.9944,3.17,0.63,9.8,5
"561",6.9,0.23,0.34,2.7,0.032,24,121,0.9902,3.14,0.38,12.4,7
"562",6.8,0.3,0.24,6.6,0.123,35,116,0.9953,3.07,0.48,9.4,5
"563",5.7,0.18,0.36,1.2,0.046,9,71,0.99199,3.7,0.68,10.9,7
"564",6.2,0.35,0.03,1.2,0.064,29,120,0.9934,3.22,0.54,9.1,5
"565",6.6,0.22,0.36,5.5,0.029,30,105,0.99206,3.2,0.47,11.8,6
"566",7.8,0.25,0.34,13.7,0.044,66,184,0.99976,3.22,0.75,8.9,5
"567",6.6,0.4,0.46,6.2,0.056,42,241,0.9968,3.5,0.6,9.9,5
"568",7.4,0.18,0.4,1.6,0.047,22,102,0.9937,3.28,0.44,10.7,5
"569",7,0.27,0.36,20.7,0.045,45,170,1.001,3,0.45,8.8,6
"570",6.7,0.34,0.26,1.9,0.038,58,138,0.9893,3,0.47,12.2,7
"571",7.1,0.32,0.24,13.1,0.05,52,204,0.998,3.1,0.49,8.8,5
"572",6.8,0.22,0.35,17.5,0.039,38,153,0.9994,3.24,0.42,9,6
"573",6.6,0.32,0.26,4.6,0.031,26,120,0.99198,3.4,0.73,12.5,7
"574",8,0.25,0.27,9.7,0.036,15,85,0.99406,2.99,0.36,11.2,6
"575",7,0.18,0.26,1.4,0.044,46,89,0.99256,3.39,0.48,10.7,7
"576",7,0.25,0.45,2.3,0.045,40,118,0.99064,3.16,0.48,11.9,7
"577",6.4,0.33,0.31,5.5,0.048,42,173,0.9951,3.19,0.66,9.3,6
"578",7,0.36,0.14,11.6,0.043,35,228,0.9977,3.13,0.51,8.9,5
"579",8.1,0.29,0.49,7.1,0.042,22,124,0.9944,3.14,0.41,10.8,6
"580",6.2,0.28,0.57,1,0.043,50,92,0.99004,3.17,0.36,11.5,6
"581",6.7,0.23,0.31,2.1,0.046,30,96,0.9926,3.33,0.64,10.7,8
"582",6.1,0.36,0.33,1.1,0.05,24,169,0.9927,3.15,0.78,9.5,6
"583",8.3,0.28,0.27,17.5,0.045,48,253,1.00014,3.02,0.56,9.1,6
"584",6.6,0.23,0.26,1.3,0.045,16,128,0.9934,3.36,0.6,10,6
"585",6.3,0.23,0.21,5.1,0.035,29,142,0.9942,3.36,0.33,10.1,7
"586",6.8,0.23,0.48,1.5,0.036,35,165,0.99162,3.18,0.45,11.3,6
"587",5.9,0.26,0.21,12.5,0.034,36,152,0.9972,3.28,0.43,9.5,6
"588",5.7,0.265,0.28,6.9,0.036,46,150,0.99299,3.36,0.44,10.8,7
"589",5.9,0.44,0.36,2.5,0.03,12,73,0.99201,3.22,0.48,10.8,6
"590",6.1,0.3,0.56,2.8,0.044,47,179,0.9924,3.3,0.57,10.9,7
"591",7.3,0.2,0.44,1.4,0.045,21,98,0.9924,3.15,0.46,10,7
"592",7,0.24,0.35,1.5,0.052,51,128,0.9941,3.41,0.59,10.4,7
"593",6.7,0.24,0.36,8.4,0.042,42,123,0.99473,3.34,0.52,10.9,6
"594",7.9,0.26,0.41,15.15,0.04,38,216,0.9976,2.96,0.6,10,6
"595",8.2,0.17,0.32,1.5,0.05,17,101,0.994,3.14,0.58,9.5,5
"596",6.4,0.23,0.32,1.9,0.038,40,118,0.99074,3.32,0.53,11.8,7
"597",6.2,0.32,0.12,4.8,0.054,6,97,0.99424,3.16,0.5,9.3,5
"598",6.8,0.18,0.3,12.8,0.062,19,171,0.99808,3,0.52,9,7
"599",7.2,0.37,0.15,2,0.029,27,87,0.9903,3.3,0.59,12.6,7
"600",6.4,0.17,0.32,2.4,0.048,41,200,0.9938,3.5,0.5,9.7,6
"601",8.3,0.49,0.23,6.65,0.034,6,158,0.99344,3.05,0.48,11.2,5
"602",5.8,0.34,0.16,7,0.037,26,116,0.9949,3.46,0.45,10,7
"603",7.9,0.34,0.44,6.5,0.027,47,126,0.99124,2.96,0.37,12.5,6
"604",7.7,0.17,0.52,5.9,0.017,21,84,0.9929,3.14,0.4,11.9,7
"605",6.6,0.37,0.07,1.4,0.048,58,144,0.9922,3.17,0.38,10,5
"606",7.8,0.3,0.29,16.85,0.054,23,135,0.9998,3.16,0.38,9,6
"607",6.4,0.26,0.49,6.4,0.037,37,161,0.9954,3.38,0.53,9.7,6
"608",4.8,0.33,0,6.5,0.028,34,163,0.9937,3.35,0.61,9.9,5
"609",5.4,0.15,0.32,2.5,0.037,10,51,0.98878,3.04,0.58,12.6,6
"610",7.6,0.285,0.32,14.6,0.063,32,201,0.998,3,0.45,9.2,5
"611",8,0.33,0.35,10,0.035,22,108,0.99457,3.12,0.36,11.6,6
"612",5.7,0.24,0.3,1.3,0.03,25,98,0.98968,3.37,0.43,12.4,7
"613",7.9,0.28,0.41,4.9,0.058,31,153,0.9966,3.27,0.51,9.7,6
"614",7.3,0.27,0.37,9.7,0.042,36,130,0.9979,3.48,0.75,9.9,6
"615",6.8,0.24,0.34,5.1,0.038,31,99,0.9921,3.24,0.46,11.8,6
"616",6.1,0.19,0.37,2.6,0.041,24,99,0.99153,3.18,0.5,10.9,6
"617",7.4,0.16,0.3,13.7,0.056,33,168,0.99825,2.9,0.44,8.7,7
"618",6,0.24,0.28,3.95,0.038,61,134,0.99146,3.3,0.54,11.3,7
"619",6.1,0.41,0,1.6,0.063,36,87,0.9914,3.27,0.67,10.8,6
"620",6.4,0.29,0.44,3.6,0.197,75,183,0.9942,3.01,0.38,9.1,5
"621",6.9,0.13,0.28,13.3,0.05,47,132,0.99655,3.34,0.42,10.1,6
"622",7.6,0.27,0.24,3.8,0.058,19,115,0.9958,3.15,0.45,8.9,5
"623",8.2,0.26,0.33,2.6,0.053,11,71,0.99402,2.89,0.49,9.5,5
"624",6.5,0.23,0.36,16.3,0.038,43,133,0.99924,3.26,0.41,8.8,5
"625",5.8,0.2,0.24,1.4,0.033,65,169,0.99043,3.59,0.56,12.3,7
"626",8.3,0.16,0.37,7.9,0.025,38,107,0.99306,2.93,0.37,11.9,6
"627",10,0.91,0.42,1.6,0.056,34,181,0.9968,3.11,0.46,10,4
"628",6,0.17,0.49,1,0.034,26,106,0.992,3.21,0.42,9.8,6
"629",6.3,0.27,0.25,5.8,0.038,52,155,0.995,3.28,0.38,9.4,6
"630",6,0.28,0.27,15.5,0.036,31,134,0.99408,3.19,0.44,13,7
"631",6.4,0.31,0.5,5.8,0.038,42,111,0.99189,3.18,0.53,11.9,7
"632",5.9,0.23,0.3,12.9,0.054,57,170,0.9972,3.28,0.39,9.4,5
"633",8.2,0.26,0.49,5.2,0.04,19,100,0.9941,3.12,0.34,10.1,6
"634",7.5,0.38,0.29,4.9,0.021,38,113,0.99026,3.08,0.48,13,7
"635",6.2,0.24,0.28,12.2,0.049,54,133,0.9952,3.19,0.37,10.7,6
"636",6.2,0.3,0.42,2.2,0.036,28,128,0.9901,3.13,0.38,11.6,6
"637",8.1,0.12,0.49,1.2,0.042,43,160,0.9934,3.13,0.48,9.7,6
"638",6.8,0.11,0.27,8.6,0.044,45,104,0.99454,3.2,0.37,9.9,6
"639",7.8,0.3,0.29,16.85,0.054,23,135,0.9998,3.16,0.38,9,6
"640",6.8,0.36,0.24,4.6,0.039,24,124,0.9909,3.27,0.34,12.6,7
"641",6.9,0.3,0.3,1.3,0.053,24,186,0.99361,3.29,0.54,9.9,4
"642",6.9,0.19,0.49,6.6,0.036,49,172,0.9932,3.2,0.27,11.5,6
"643",6,0.28,0.27,4.1,0.046,50,147,0.99126,3.27,0.56,11.6,6
"644",8.4,0.35,0.71,12.2,0.046,22,160,0.9982,2.98,0.65,9.4,5
"645",7.5,0.29,0.67,8.1,0.037,53,166,0.9966,2.9,0.41,8.9,6
"646",4.2,0.215,0.23,5.1,0.041,64,157,0.99688,3.42,0.44,8,3
"647",6.7,0.24,0.32,9,0.023,20,109,0.99262,3.34,0.35,12.6,6
"648",7,0.16,0.3,2.6,0.043,34,90,0.99047,2.88,0.47,11.2,6
"649",5.5,0.14,0.27,4.6,0.029,22,104,0.9949,3.34,0.44,9,5
"650",7.9,0.21,0.39,2,0.057,21,138,0.99176,3.05,0.52,10.9,5
"651",6.4,0.16,0.25,1.3,0.047,20,77,0.9933,3.61,0.54,10.2,6
"652",6.1,0.27,0.32,6.2,0.048,47,161,0.99281,3.22,0.6,11,6
"653",6,0.22,0.23,5,0.045,10,122,0.99261,2.94,0.63,10,6
"654",7.6,0.48,0.28,10.4,0.049,57,205,0.99748,3.24,0.45,9.3,5
"655",6.5,0.29,0.52,7.9,0.049,35,192,0.99551,3.16,0.51,9.5,6
"656",7,0.16,0.73,1,0.138,58,150,0.9936,3.08,0.3,9.2,5
"657",6.9,0.19,0.39,8,0.028,22,84,0.994,3.11,0.66,10.8,6
"658",8.3,0.21,0.4,1.6,0.032,35,110,0.9907,3.02,0.6,12.9,7
"659",8.5,0.21,0.41,4.3,0.036,24,99,0.9947,3.18,0.53,9.7,6
"660",7.6,0.285,0.32,14.6,0.063,32,201,0.998,3,0.45,9.2,5
"661",8.4,0.2,0.31,2.8,0.054,16,89,0.99416,2.96,0.45,9.5,6
"662",7.4,0.24,0.22,10.7,0.042,26,81,0.9954,2.86,0.36,9.7,6
"663",6.6,0.34,0.24,3.3,0.034,29,99,0.99031,3.1,0.4,12.3,7
"664",6.4,0.26,0.21,7.1,0.04,35,162,0.9956,3.39,0.58,9.9,6
"665",6,0.555,0.26,4.5,0.053,17,126,0.9943,3.24,0.46,9.1,5
"666",7.1,0.34,0.49,1.5,0.027,26,126,0.99,3.3,0.33,12.2,7
"667",6.1,0.41,0.2,12.6,0.032,54,136,0.99516,2.91,0.43,10.6,6
"668",7.2,0.16,0.32,0.8,0.04,50,121,0.9922,3.27,0.33,10,6
"669",6.4,0.32,0.23,16.2,0.055,36,176,0.9986,3.26,0.54,9.1,5
"670",6.4,0.24,0.49,5.8,0.053,25,120,0.9942,3.01,0.98,10.5,6
"671",6.5,0.25,0.35,12,0.055,47,179,0.998,3.58,0.47,10,5
"672",6.6,0.32,0.22,16.7,0.046,38,133,0.9979,3.22,0.67,10.4,6
"673",8.1,0.34,0.28,7.5,0.04,70,230,0.99558,3.14,0.55,9.8,6
"674",7.2,0.22,0.28,7.2,0.06,41,132,0.9935,3.08,0.59,11.3,6
"675",6.9,0.21,0.24,1.8,0.021,17,80,0.98992,3.15,0.46,12.3,7
"676",6.9,0.19,0.28,3,0.054,33,99,0.9924,3.16,0.4,10.8,6
"677",6.6,0.17,0.35,2.6,0.03,33,78,0.99146,3.22,0.72,11.3,6
"678",8.1,0.2,0.3,1.3,0.036,7,49,0.99242,2.99,0.73,10.3,5
"679",6.3,0.3,0.24,6.6,0.04,38,141,0.995,3.22,0.47,9.5,5
"680",6.6,0.38,0.29,2.9,0.035,15,101,0.98916,3.04,0.37,12.5,6
"681",8,0.14,0.33,1.2,0.045,71,162,0.9914,3.07,0.47,11,6
"682",6.1,0.15,0.35,15.8,0.042,55,158,0.99642,3.24,0.37,10.6,5
"683",8.2,0.37,0.36,1,0.034,17,93,0.9906,3.04,0.32,11.7,8
"684",9.2,0.71,0.23,6.2,0.042,15,93,0.9948,2.89,0.34,10.1,6
"685",7.7,0.2,0.44,13.9,0.05,44,130,0.99855,3.11,0.48,10,6
"686",7.3,0.22,0.37,14.3,0.063,48,191,0.9978,2.89,0.38,9,6
"687",7.1,0.31,0.17,1,0.042,21,144,0.99304,3.13,0.4,9.6,5
"688",9.4,0.28,0.3,1.6,0.045,36,139,0.99534,3.11,0.49,9.3,5
"689",7.2,0.29,0.4,7.6,0.024,56,177,0.9928,3.04,0.32,11.5,6
"690",6.5,0.13,0.37,1,0.036,48,114,0.9911,3.41,0.51,11.5,8
"691",6.9,0.32,0.3,1.8,0.036,28,117,0.99269,3.24,0.48,11,6
"692",7.3,0.24,0.41,13.6,0.05,41,178,0.9988,3.37,0.43,9.7,5
"693",6.7,0.42,0.39,12.1,0.04,61,248,0.99794,3.31,0.58,9.7,5
"694",6.3,0.24,0.29,13.7,0.035,53,134,0.99567,3.17,0.38,10.6,6
"695",7.5,0.16,0.38,12.7,0.043,70.5,163,0.99706,3.15,0.82,10.4,7
"696",6.4,0.21,0.3,5.6,0.044,43,160,0.9949,3.6,0.41,10.6,6
"697",7.6,0.48,0.37,0.8,0.037,4,100,0.9902,3.03,0.39,11.4,4
"698",6.8,0.18,0.38,1.4,0.038,35,111,0.9918,3.32,0.59,11.2,7
"699",6.8,0.23,0.29,15.4,0.073,56,173,0.9984,3.06,0.41,8.7,6
"700",6.9,0.34,0.49,7.3,0.045,61,206,0.9957,3.09,0.4,9,6
"701",9.2,0.32,0.42,1.3,0.046,14,186,0.9949,3.08,0.48,9.6,5
"702",7.1,0.31,0.47,13.6,0.056,54,197,0.9978,3.1,0.49,9.3,5
"703",6.7,0.27,0.25,8,0.053,54,202,0.9961,3.22,0.43,9.3,5
"704",7.3,0.25,0.36,13.1,0.05,35,200,0.9986,3.04,0.46,8.9,7
"705",6.8,0.28,0.39,1.4,0.036,15,115,0.9918,3.27,0.72,11.7,5
"706",7,0.17,0.31,4.8,0.034,34,132,0.9944,3.36,0.48,9.6,7
"707",6.4,0.3,0.16,7.5,0.05,55,191,0.9959,3.17,0.49,9,5
"708",6.1,0.36,0.58,15,0.044,42,115,0.9978,3.15,0.51,9,5
"709",6.8,0.23,0.42,7.4,0.044,56,189,0.9958,3.22,0.48,9.3,6
"710",6.9,0.3,0.21,15.7,0.056,49,159,0.99827,3.11,0.48,9,5
"711",7.7,0.16,0.49,2,0.056,20,124,0.9948,3.32,0.49,10.7,6
"712",7,0.17,0.33,4,0.034,17,127,0.9934,3.19,0.39,10.6,7
"713",6.6,0.55,0.01,2.7,0.034,56,122,0.9906,3.15,0.3,11.9,5
"714",7.2,0.6,0.2,9.9,0.07,21,174,0.9971,3.03,0.54,9.1,5
"715",6.4,0.16,0.32,8.75,0.038,38,118,0.99449,3.19,0.41,10.7,5
"716",7.4,0.27,0.52,15.7,0.054,36,139,0.99788,3.04,0.62,10.0333333333333,6
"717",7.2,0.32,0.36,2,0.033,37,114,0.9906,3.1,0.71,12.3,7
"718",7.2,0.23,0.38,14.3,0.058,55,194,0.9979,3.09,0.44,9,6
"719",6.4,0.15,0.4,1.5,0.042,23,87,0.98972,3.11,0.46,12.2,7
"720",6.5,0.15,0.32,1.3,0.036,19,76,0.98964,3.18,0.41,12.3,6
"721",6.7,0.18,0.3,6.4,0.048,40,251,0.9956,3.29,0.52,10,5
"722",7.2,0.32,0.4,8.7,0.038,45,154,0.99568,3.2,0.47,10.4,6
"723",7.7,0.44,0.24,11.2,0.031,41,167,0.9948,3.12,0.43,11.3,7
"724",7.6,0.27,0.25,13.9,0.05,45,199,0.9984,3.34,0.5,9.8,6
"725",5.8,0.33,0.23,5,0.053,29,106,0.99458,3.13,0.52,9,5
"726",5.1,0.26,0.34,6.4,0.034,26,99,0.99449,3.23,0.41,9.2,6
"727",9.2,0.14,0.37,1.1,0.034,36,84,0.99136,3.05,0.55,11.6,6
"728",6.6,0.78,0.5,1.5,0.045,30,133,0.99104,3.25,0.48,11.7,5
"729",7.4,0.21,0.8,12.3,0.038,77,183,0.99778,2.95,0.48,9,5
"730",6,0.31,0.27,2.3,0.042,19,120,0.98952,3.32,0.41,12.7,7
"731",7.8,0.27,0.35,1.2,0.05,36,140,0.99138,3.09,0.45,11.2,5
"732",6.4,0.29,0.3,2.9,0.036,25,79,0.99037,3.29,0.6,12.4,7
"733",6.6,0.43,0.24,11.9,0.04,54,159,0.99622,3.14,0.54,9.8,6
"734",7,0.21,0.42,5.3,0.037,36,123,0.99321,3.14,0.52,10.9,6
"735",9.2,0.34,0.54,17.3,0.06,46,235,1.00182,3.08,0.61,8.8,6
"736",7.5,0.21,0.68,10.9,0.045,38,133,0.9978,3,0.36,8.7,5
"737",6.5,0.43,0.28,12,0.056,23,174,0.9986,3.31,0.55,9.3,5
"738",7.5,0.19,0.49,1.6,0.047,42,140,0.9932,3.4,0.47,10.7,6
"739",10.2,0.44,0.88,6.2,0.049,20,124,0.9968,2.99,0.51,9.9,4
"740",6,0.17,0.21,6,0.05,26,134,0.9939,3.08,0.54,9.8,6
"741",7.3,0.33,0.22,1.4,0.041,40,177,0.99287,3.14,0.48,9.9,5
"742",6.2,0.355,0.35,2,0.046,31,95,0.98822,3.06,0.46,13.6,6
"743",6.2,0.45,0.26,4.4,0.063,63,206,0.994,3.27,0.52,9.8,4
"744",6.6,0.36,0.21,1.5,0.049,39,184,0.9928,3.18,0.41,9.9,6
"745",5.8,0.27,0.2,7.3,0.04,42,145,0.99442,3.15,0.48,9.8,5
"746",7.9,0.19,0.45,1.5,0.045,17,96,0.9917,3.13,0.39,11,6
"747",6.3,0.3,0.34,1.6,0.049,14,132,0.994,3.3,0.49,9.5,6
"748",7.4,0.2,0.35,2.1,0.038,30,116,0.9949,3.49,0.77,10.3,7
"749",6.1,0.28,0.26,1.5,0.03,25,101,0.98894,3.03,0.41,12.1,6
"750",6.4,0.46,0.22,14.7,0.047,51,183,0.998275,3.39,0.6,10.5,5
"751",6.1,0.28,0.3,7.75,0.031,33,139,0.99296,3.22,0.46,11,6
"752",6.9,0.15,0.29,2.3,0.033,14,82,0.99132,3.1,0.58,11.2,7
"753",6.1,0.28,0.27,4.7,0.03,56,140,0.99042,3.16,0.42,12.5,8
"754",6.4,0.2,0.32,3.1,0.041,18,126,0.9914,3.43,0.42,12,6
"755",6.9,0.44,0.42,8.5,0.048,10,147,0.9974,3.32,0.46,9.5,6
"756",6.9,0.27,0.41,1.7,0.047,6,134,0.9929,3.15,0.69,11.4,6
"757",6.7,0.18,0.24,10.3,0.057,64,185,0.99519,3.12,0.5,10.6,6
"758",6.8,0.19,0.4,9.85,0.055,41,103,0.99532,2.98,0.56,10.5,6
"759",7.5,0.33,0.38,8.7,0.126,49,199,0.99711,2.98,0.57,9.4,5
"760",7.5,0.27,0.36,7,0.036,45,164,0.9939,3.03,0.33,11,5
"761",6,0.32,0.33,9.9,0.032,22,90,0.99258,3.1,0.43,12.1,7
"762",6.2,0.24,0.22,7.9,0.053,45,149,0.99545,3.23,0.52,9.3,5
"763",7,0.22,0.26,1.1,0.037,20,71,0.9902,3.1,0.38,11.7,6
"764",7.7,0.43,0.37,10,0.169,22,210,0.99776,3.02,0.64,9.5,5
"765",7.9,0.27,0.27,1.7,0.034,25,122,0.99088,2.97,0.51,11.9,6
"766",7.2,0.27,0.46,18.75,0.052,45,255,1,3.04,0.52,8.9,5
"767",8.2,0.37,0.64,13.9,0.043,22,171,0.99873,2.99,0.8,9.3,5
"768",7.3,0.22,0.31,2.3,0.018,45,80,0.98936,3.06,0.34,12.9,7
"769",6.6,0.25,0.35,14,0.069,42,163,0.999,3.56,0.47,9.8,5
"770",7.5,0.21,0.68,10.9,0.045,38,133,0.9978,3,0.36,8.7,5
"771",7.9,0.18,0.49,5.2,0.051,36,157,0.9953,3.18,0.48,10.6,6
"772",6,0.38,0.26,3.5,0.035,38,111,0.98872,3.18,0.47,13.6,7
"773",6.1,0.15,0.4,1.2,0.03,19,84,0.98926,3.19,0.96,13,6
"774",8.6,0.34,0.36,1.4,0.045,11,119,0.99556,3.17,0.47,9.4,4
"775",8.1,0.26,0.27,4.3,0.03,43,123,0.99212,3.16,0.33,11.2,6
"776",7.3,0.22,0.37,15.5,0.048,70,203,0.99899,3.25,0.77,9.4,5
"777",6.7,0.21,0.48,14.8,0.05,31,195,0.99942,2.95,0.75,8.8,6
"778",6.6,0.17,0.28,1.1,0.034,55,108,0.98939,3,0.52,11.9,7
"779",7.4,0.2,0.28,9.1,0.047,29,95,0.99532,3.16,0.47,9.8,7
"780",7.1,0.28,0.19,7.8,0.04,48,184,0.99579,3.16,0.5,9.4,5
"781",6.8,0.18,0.28,9.8,0.039,29,113,0.99406,3.11,0.45,10.9,7
"782",7.7,0.34,0.28,11,0.04,31,117,0.99815,3.27,0.29,9.2,6
"783",7.2,0.23,0.32,8.5,0.058,47,186,0.9956,3.19,0.4,9.9,6
"784",6.7,0.3,0.5,12.1,0.045,38,127,0.9974,3.04,0.53,8.9,6
"785",7.7,0.43,0.28,4.5,0.046,33,102,0.9918,3.16,0.56,12.2,7
"786",6.8,0.28,0.37,7,0.057,35,208,0.9973,3.57,0.55,10.2,5
"787",6.6,0.31,0.38,16.05,0.058,16,165,0.9997,3.38,0.6,9.2,5
"788",7,0.3,0.51,13.6,0.05,40,168,0.9976,3.07,0.52,9.6,7
"789",6.7,0.11,0.26,14.8,0.053,44,95,0.99676,3.2,0.35,9.8,6
"790",5.2,0.365,0.08,13.5,0.041,37,142,0.997,3.46,0.39,9.9,6
"791",6.8,0.3,0.27,11.6,0.028,22,97,0.99314,2.96,0.38,11.7,6
"792",6.9,0.25,0.27,9.05,0.039,37,128,0.9936,3.27,0.34,11.3,8
"793",7,0.15,0.28,14.7,0.051,29,149,0.99792,2.96,0.39,9,7
"794",6.9,0.26,0.31,7,0.039,37,175,0.99376,3.32,0.49,11.4,6
"795",6.6,0.27,0.49,7.8,0.049,62,217,0.9959,3.17,0.45,9.4,6
"796",7.4,0.16,0.27,15.5,0.05,25,135,0.9984,2.9,0.43,8.7,7
"797",6.6,0.26,0.56,15.4,0.053,32,141,0.9981,3.11,0.49,9.3,5
"798",6.8,0.2,0.27,1.2,0.034,19,68,0.9902,3.14,0.37,11.7,4
"799",7.8,0.21,0.34,11.9,0.039,55,140,0.9959,3.02,0.31,10.3,6
"800",4.7,0.145,0.29,1,0.042,35,90,0.9908,3.76,0.49,11.3,6
"801",7.5,0.23,0.32,9.2,0.038,54,191,0.9966,3.04,0.56,9.7,6
"802",5.8,0.29,0.27,1.6,0.062,17,140,0.99138,3.23,0.35,11.1,6
"803",6.3,0.26,0.25,7.8,0.058,44,166,0.9961,3.24,0.41,9,5
"804",6.4,0.25,0.37,4.5,0.039,41,147,0.9921,3.18,0.4,11.1,7
"805",6.9,0.43,0.28,9.4,0.056,29,183,0.99594,3.17,0.43,9.4,5
"806",6.3,0.27,0.23,2.9,0.047,13,100,0.9936,3.28,0.43,9.8,5
"807",6,0.35,0.46,0.9,0.033,9,65,0.98934,3.24,0.35,12.1,4
"808",6,0.52,0.33,7.7,0.046,24,119,0.99224,3.04,0.38,11,6
"809",8.3,0.24,0.27,2.1,0.03,22,162,0.9914,2.99,0.68,11.9,6
"810",5.8,0.22,0.25,1.5,0.024,21,109,0.99234,3.37,0.58,10.4,6
"811",8.5,0.16,0.35,1.6,0.039,24,147,0.9935,2.96,0.36,10,5
"812",7.4,0.28,0.42,19.8,0.066,53,195,1,2.96,0.44,9.1,5
"813",7.6,0.51,0.24,1.2,0.04,10,104,0.992,3.05,0.29,10.8,6
"814",5.4,0.17,0.27,2.7,0.049,28,104,0.99224,3.46,0.55,10.3,6
"815",7.5,0.28,0.41,1.3,0.044,11,126,0.99293,3.28,0.45,10.3,5
"816",6.5,0.3,0.32,2,0.044,34,90,0.99185,3.37,0.68,11,7
"817",6.8,0.17,0.74,2.4,0.053,61,182,0.9953,3.63,0.76,10.5,6
"818",6.6,0.28,0.42,8.2,0.044,60,196,0.99562,3.14,0.48,9.4,5
"819",6.4,0.27,0.45,8.3,0.05,52,196,0.9955,3.18,0.48,9.5,5
"820",5.3,0.16,0.39,1,0.028,40,101,0.99156,3.57,0.59,10.6,6
"821",6.6,0.435,0.38,9.2,0.058,66,243,0.99833,3.23,0.54,9.1,6
"822",6.2,0.33,0.29,1.3,0.042,26,138,0.9956,3.77,0.64,9.5,5
"823",8.3,0.26,0.31,2,0.029,14,141,0.99077,2.95,0.77,12.2,6
"824",6.1,0.44,0.28,4.25,0.032,43,132,0.9916,3.26,0.47,11.3,7
"825",7.5,0.305,0.38,1.4,0.047,30,95,0.99158,3.22,0.52,11.5,7
"826",5.6,0.28,0.28,4.2,0.044,52,158,0.992,3.35,0.44,10.7,7
"827",7.1,0.15,0.34,5.3,0.034,33,104,0.9953,3.37,0.52,9.3,7
"828",5.6,0.695,0.06,6.8,0.042,9,84,0.99432,3.44,0.44,10.2,5
"829",7.1,0.23,0.39,1.6,0.032,12,65,0.9898,3.25,0.4,12.7,7
"830",5.3,0.23,0.56,0.9,0.041,46,141,0.99119,3.16,0.62,9.7,5
"831",7.1,0.3,0.36,6.8,0.055,44.5,234,0.9972,3.49,0.64,10.2,6
"832",7.8,0.13,0.3,1.8,0.04,43,179,0.9955,3.43,0.41,9,5
"833",5.8,0.26,0.18,1.2,0.031,40,114,0.9908,3.42,0.4,11,7
"834",7.8,0.17,0.23,1.7,0.029,39,128,0.99272,3.37,0.41,10.7,7
"835",7.6,0.32,0.34,18.35,0.054,44,197,1.0008,3.22,0.55,9,5
"836",7.5,0.29,0.67,8.1,0.037,53,166,0.9966,2.9,0.41,8.9,6
"837",5.7,0.15,0.47,11.4,0.035,49,128,0.99456,3.03,0.34,10.5,8
"838",7,0.23,0.26,7.2,0.041,21,90,0.99509,3.22,0.55,9.5,6
"839",6.6,0.39,0.38,9.7,0.053,49,226,0.99787,3.3,0.57,9.4,6
"840",7.6,0.38,0.2,3.4,0.046,9,116,0.9944,3.15,0.41,9.4,5
"841",7.3,0.19,0.49,15.55,0.058,50,134,0.9998,3.42,0.36,9.1,7
"842",7.8,0.2,0.32,5,0.016,31,101,0.99186,2.99,0.39,11,6
"843",6.6,0.4,0.3,5.3,0.038,20,125,0.99204,3.36,0.73,12.6,6
"844",5.6,0.19,0.27,0.9,0.04,52,103,0.99026,3.5,0.39,11.2,5
"845",6.7,0.19,0.32,3.7,0.041,26,76,0.99173,2.9,0.57,10.5,7
"846",6.6,0.21,0.3,9.9,0.041,64,174,0.995,3.07,0.5,10.1,6
"847",6.8,0.25,0.34,4.7,0.031,34,134,0.9927,3.21,0.38,10.6,6
"848",6.1,0.2,0.34,9.5,0.041,38,201,0.995,3.14,0.44,10.1,3
"849",7.8,0.27,0.58,11.2,0.036,44,161,0.9977,3.06,0.41,8.9,6
"850",7.3,0.27,0.39,6.7,0.064,28,188,0.9958,3.29,0.3,9.7,5
"851",7.2,0.31,0.35,7.2,0.046,45,178,0.9955,3.14,0.53,9.7,5
"852",6.2,0.32,0.24,4.1,0.051,34,149,0.99306,3.36,0.52,11,5
"853",6.6,0.21,0.38,2.2,0.026,40,104,0.9914,3.25,0.4,11.1,8
"854",6.9,0.21,0.62,6.3,0.042,7,109,0.99358,2.96,0.59,10.2,6
"855",6.4,0.105,0.29,1.1,0.035,44,140,0.99142,3.17,0.55,10.7,7
"856",7.4,0.41,0.66,10.8,0.051,77,194,0.9976,3.05,0.46,8.7,5
"857",6.5,0.31,0.61,13,0.053,31,123,0.99708,3.09,0.5,9.3,6
"858",6,0.17,0.3,7.3,0.039,39,104,0.99252,2.91,0.57,11,6
"859",7.1,0.37,0.3,6.2,0.04,49,139,0.99021,3.17,0.27,13.6,6
"860",6.3,0.27,0.25,5.8,0.038,52,155,0.995,3.28,0.38,9.4,6
"861",7,0.22,0.26,9.2,0.027,37,122,0.99228,3.06,0.34,12.5,8
"862",6.6,0.19,0.43,10.9,0.045,53,154,0.99752,3.52,0.77,10.4,6
"863",7.8,0.28,0.32,9,0.036,34,115,0.9952,3.17,0.39,10.3,7
"864",6.9,0.29,0.3,8.2,0.026,35,112,0.99144,3,0.37,12.3,6
"865",7.5,0.33,0.39,12.4,0.065,29,119,0.9974,3.16,0.39,9.4,5
"866",6.4,0.23,0.26,8.1,0.054,47,181,0.9954,3.12,0.49,9.4,5
"867",6.7,0.25,0.26,1.55,0.041,118.5,216,0.9949,3.55,0.63,9.4,3
"868",7,0.3,0.49,4.7,0.036,17,105,0.9916,3.26,0.68,12.4,7
"869",6.4,0.28,0.41,6.8,0.045,61,216,0.9952,3.09,0.46,9.4,5
"870",6,0.4,0.3,1.6,0.047,30,117,0.9931,3.17,0.48,10.1,6
"871",6.1,0.26,0.25,2.9,0.047,289,440,0.99314,3.44,0.64,10.5,3
"872",7.9,0.41,0.37,4.5,0.03,40,114,0.992,3.17,0.54,12.4,7
"873",5.7,0.21,0.32,1.6,0.03,33,122,0.99044,3.33,0.52,11.9,6
"874",8,0.25,0.49,9,0.044,31,185,0.998,3.34,0.49,10,6
"875",6.1,0.25,0.18,10.5,0.049,41,124,0.9963,3.14,0.35,10.5,5
"876",6.1,0.2,0.4,1.9,0.028,32,138,0.9914,3.26,0.72,11.7,5
"877",5.8,0.29,0.38,10.7,0.038,49,136,0.99366,3.11,0.59,11.2,6
"878",7,0.15,0.28,14.7,0.051,29,149,0.99792,2.96,0.39,9,7
"879",5.7,0.21,0.24,2.3,0.047,60,189,0.995,3.65,0.72,10.1,6
"880",6.8,0.3,0.33,12.8,0.041,60,168,0.99659,3.1,0.56,9.8,5
"881",6,0.43,0.34,7.6,0.045,25,118,0.99222,3.03,0.37,11,6
"882",6.6,0.22,0.23,17.3,0.047,37,118,0.99906,3.08,0.46,8.8,6
"883",7,0.14,0.4,1.7,0.035,16,85,0.9911,3.19,0.42,11.8,6
"884",6.5,0.2,0.24,9.2,0.044,25,150,0.99502,3.22,0.44,10.5,5
"885",6.7,0.25,0.31,1.35,0.061,30.5,218,0.99388,3.16,0.53,9.5,5
"886",6.8,0.11,0.27,8.6,0.044,45,104,0.99454,3.2,0.37,9.9,6
"887",6.2,0.36,0.22,5.25,0.038,44,145,0.99184,3.22,0.4,11.2,6
"888",7,0.15,0.34,1.4,0.039,21,177,0.9927,3.32,0.62,10.8,5
"889",6.8,0.39,0.34,7.4,0.02,38,133,0.99212,3.18,0.44,12,7
"890",6.5,0.24,0.32,7.6,0.038,48,203,0.9958,3.45,0.54,9.7,7
"891",5.4,0.595,0.1,2.8,0.042,26,80,0.9932,3.36,0.38,9.3,5
"892",6.5,0.46,0.41,16.8,0.084,59,222,0.9993,3.18,0.58,9,5
"893",7.5,0.25,0.32,8.2,0.024,53,209,0.99563,3.12,0.46,10.8,6
"894",6.9,0.3,0.25,3.3,0.041,26,124,0.99428,3.18,0.5,9.3,6
"895",7.1,0.34,0.2,6.1,0.063,47,164,0.9946,3.17,0.42,10,5
"896",5.4,0.415,0.19,1.6,0.039,27,88,0.99265,3.54,0.41,10,7
"897",7.6,0.16,0.41,1.9,0.047,27,151,0.9937,3.2,0.53,10.1,6
"898",6.4,0.29,0.32,2.4,0.014,34,89,0.99008,3.24,0.66,12.5,7
"899",8.1,0.24,0.33,10.2,0.048,46,141,0.9972,3.16,0.48,10.3,6
"900",7.6,0.19,0.37,13.1,0.033,52,151,0.99726,3.18,0.79,10.4,6
"901",6.6,0.27,0.29,5.3,0.045,57,189,0.9953,3.31,0.79,9.8,5
"902",6.4,0.29,0.28,11.1,0.063,66,169,0.9973,2.89,0.57,9,5
"903",8.2,0.61,0.45,5.4,0.03,15,118,0.9954,3.14,0.34,9.6,5
"904",7,0.22,0.24,11,0.041,75,167,0.99508,2.98,0.56,10.5,6
"905",8.3,0.39,0.7,10.6,0.045,33,169,0.9976,3.09,0.57,9.4,5
"906",5.6,0.12,0.33,2.9,0.044,21,73,0.98896,3.17,0.32,12.9,8
"907",5.9,0.28,0.14,8.6,0.032,30,142,0.99542,3.28,0.44,9.5,6
"908",6.7,0.24,0.3,3.85,0.042,105,179,0.99189,3.04,0.59,11.3,8
"909",6.7,0.2,0.42,14,0.038,83,160,0.9987,3.16,0.5,9.4,6
"910",8,0.13,0.25,1.1,0.033,15,86,0.99044,2.98,0.39,11.2,8
"911",6.5,0.26,0.31,1.3,0.034,59,145,0.98944,3.16,0.54,12.4,6
"912",7.1,0.35,0.27,3.1,0.034,28,134,0.9897,3.26,0.38,13.1,7
"913",5.6,0.21,0.24,4.4,0.027,37,150,0.991,3.3,0.31,11.5,7
"914",7.4,0.2,0.33,1.9,0.035,39,138,0.991,3.17,0.44,11.7,7
"915",5,0.455,0.18,1.9,0.036,33,106,0.98746,3.21,0.83,14,7
"916",6.1,0.33,0.32,7.8,0.052,52,183,0.99657,3.39,0.65,9.5,5
"917",5.7,0.25,0.26,12.5,0.049,52.5,106,0.99691,3.08,0.45,9.4,6
"918",8.3,0.22,0.38,14.8,0.054,32,126,1.0002,3.22,0.5,9.7,5
"919",6.8,0.28,0.17,13.9,0.047,49,162,0.9983,3.21,0.51,9,6
"920",6.8,0.27,0.49,1.2,0.044,35,126,0.99,3.13,0.48,12.1,7
"921",5.1,0.25,0.36,1.3,0.035,40,78,0.9891,3.23,0.64,12.1,7
"922",6.2,0.25,0.44,15.8,0.057,39,167,0.99804,3.14,0.51,9.2,5
"923",6.8,0.25,0.38,8.1,0.046,24,155,0.9956,3.33,0.59,10.2,6
"924",7.6,0.29,0.29,4.4,0.051,26,146,0.9939,3.16,0.39,10.2,5
"925",7.2,0.21,0.33,3,0.036,35,132,0.9928,3.25,0.4,11,6
"926",6.4,0.42,0.19,9.3,0.043,28,145,0.99433,3.23,0.53,10.98,5
"927",8.4,0.27,0.3,2.2,0.037,36,129,0.99085,2.89,0.3,11.4666666666667,6
"928",7.4,0.16,0.27,15.5,0.05,25,135,0.9984,2.9,0.43,8.7,7
"929",6.2,0.34,0.3,11.1,0.047,28,237,0.9981,3.18,0.49,8.7,5
"930",6.9,0.28,0.33,1.2,0.039,16,98,0.9904,3.07,0.39,11.7,6
"931",7.15,0.17,0.24,9.6,0.119,56,178,0.99578,3.15,0.44,10.2,6
"932",6.4,0.26,0.35,7.7,0.056,45,191,0.99527,3.16,0.5,9.5,5
"933",7.1,0.31,0.38,1.2,0.036,10,124,0.9924,3.14,0.44,9.9,6
"934",5.4,0.265,0.28,7.8,0.052,27,91,0.99432,3.19,0.38,10.4,6
"935",6.4,0.31,0.4,6.2,0.04,46,169,0.9953,3.15,0.46,9.3,6
"936",6.2,0.21,0.28,5.7,0.028,45,121,0.99168,3.21,1.08,12.15,7
"937",7.2,0.2,0.36,2.5,0.028,22,157,0.9938,3.48,0.49,10.6,6
"938",6.7,0.26,0.26,4,0.079,35.5,216,0.9956,3.31,0.68,9.5,5
"939",7.2,0.37,0.15,2,0.029,27,87,0.9903,3.3,0.59,12.6,7
"940",6.8,0.24,0.37,7.45,0.043,59,188,0.99579,3.2,0.5,9.4,6
"941",6.4,0.105,0.29,1.1,0.035,44,140,0.99142,3.17,0.55,10.7,7
"942",6.9,0.31,0.34,7.4,0.059,36,174,0.9963,3.46,0.62,11.1,7
"943",7.8,0.25,0.34,13.7,0.044,66,184,0.99976,3.22,0.75,8.9,5
"944",7.4,0.4,0.41,14.1,0.053,37,194,0.99886,3.2,0.63,9.4,6
"945",5.7,0.2,0.3,2.5,0.046,38,125,0.99276,3.34,0.5,9.9,6
"946",7.1,0.34,0.32,2,0.051,29,130,0.99354,3.3,0.5,10.4,6
"947",7.3,0.23,0.24,0.9,0.031,29,86,0.98926,2.9,0.38,12.2,6
"948",9.2,0.25,0.34,1.2,0.026,31,93,0.9916,2.93,0.37,11.3,7
"949",7.2,0.26,0.32,10.4,0.062,23,114,0.9966,3.23,0.49,10.5,5
"950",6.6,0.22,0.23,17.3,0.047,37,118,0.99906,3.08,0.46,8.8,6
"951",5.6,0.24,0.34,2,0.041,14,73,0.98981,3.04,0.45,11.6,7
"952",7,0.24,0.34,1.4,0.031,27,107,0.99,3.06,0.39,11.9,6
"953",6.6,0.24,0.3,13,0.052,18,143,0.99825,3.37,0.49,9.4,6
"954",7.2,0.23,0.39,1.5,0.053,26,106,0.99166,3.18,0.47,11.1,6
"955",7.8,0.23,0.28,4.75,0.042,45,166,0.9928,2.96,0.4,11.5,5
"956",6.5,0.08,0.33,1.9,0.028,23,93,0.991,3.34,0.7,12,7
"957",5.8,0.35,0.29,3.2,0.034,41,151,0.9912,3.35,0.58,11.6333333333333,7
"958",7.6,0.23,0.26,15.3,0.067,32,166,0.9986,3.03,0.44,9.2,4
"959",6.1,0.34,0.21,5,0.042,17,133,0.99373,3.02,0.53,9.4,5
"960",6.4,0.145,0.49,5.4,0.048,54,164,0.9946,3.56,0.44,10.8,6
"961",7.2,0.26,0.24,7,0.023,19,130,0.99176,3.14,0.49,12.8,7
"962",8.2,0.38,0.49,13.6,0.042,58,166,0.99855,3.1,0.54,9.4,5
"963",7.3,0.2,0.29,19.5,0.039,69,237,1.00037,3.1,0.48,9.2,6
"964",7.2,0.23,0.39,2.3,0.033,29,102,0.9908,3.26,0.54,12.3,7
"965",7.3,0.22,0.4,14.75,0.042,44.5,129.5,0.9998,3.36,0.41,9.1,7
"966",7.3,0.36,0.62,7.1,0.033,48,185,0.99472,3.14,0.62,10.6,6
"967",6.6,0.18,0.28,1.7,0.041,53,161,0.99207,3.13,0.45,10.2,6
"968",6.9,0.25,0.4,1.3,0.038,22,101,0.9901,3.03,0.39,11.4,6
"969",6.3,0.24,0.29,1.6,0.052,48,185,0.9934,3.21,0.5,9.4,5
"970",7.2,0.24,0.3,1.6,0.048,27,131,0.9933,3.25,0.45,10.5,5
"971",7.4,0.18,0.34,2.7,0.03,30,107,0.992,2.97,0.53,11,6
"972",5.9,0.26,0.29,5.4,0.046,34,116,0.99224,3.24,0.41,11.4,6
"973",6.5,0.43,0.28,11.25,0.032,31,87,0.9922,3.02,0.38,12.4,6
"974",6.8,0.15,0.3,5.3,0.05,40,127,0.9942,3.4,0.39,9.7,6
"975",6.7,0.31,0.3,2.1,0.038,18,130,0.9928,3.36,0.63,10.6,6
"976",6.15,0.21,0.37,3.2,0.021,20,80,0.99076,3.39,0.47,12,5
"977",8.8,0.19,0.3,5,0.028,34,120,0.99242,2.94,0.47,11.2,5
"978",6.7,0.16,0.28,2.5,0.046,40,153,0.9921,3.38,0.51,11.4,7
"979",5.4,0.24,0.18,2.3,0.05,22,145,0.99207,3.24,0.46,10.3,5
"980",5.1,0.33,0.22,1.6,0.027,18,89,0.9893,3.51,0.38,12.5,7
"981",6,0.19,0.29,1.2,0.046,29,92,0.99033,3.22,0.53,11.3,6
"982",5.7,0.32,0.38,4.75,0.033,23,94,0.991,3.42,0.42,11.8,7
"983",6,0.26,0.26,2.2,0.035,10,72,0.989465,3.11,0.48,12.15,6
"984",6.9,0.22,0.39,6,0.035,44,141,0.99123,3.11,0.33,12.5,6
"985",7.5,0.38,0.56,9.7,0.055,15,170,0.99605,3.13,0.65,9.9,6
"986",6.9,0.615,0.42,12,0.067,24,131,0.99727,3.19,0.34,9.3,5
"987",7.1,0.33,0.25,1.6,0.03,25,126,0.9901,3.22,0.34,12.1,7
"988",6.4,0.22,0.49,7.5,0.054,42,151,0.9948,3.27,0.52,10.1,6
"989",7.5,0.18,0.45,4.6,0.041,67,158,0.9927,3.01,0.38,10.6,6
"990",6.8,0.22,0.31,6.3,0.035,33,170,0.9918,3.24,0.66,12.6,6
"991",6.4,0.29,0.18,15,0.04,21,116,0.99736,3.14,0.5,9.2,5
"992",7.4,0.16,0.31,6.85,0.059,31,131,0.9952,3.29,0.34,9.7,5
"993",6.9,0.23,0.24,14.2,0.053,19,94,0.9982,3.17,0.5,9.6,5
"994",6.6,0.15,0.32,6,0.033,59,128,0.99192,3.19,0.71,12.1,8
"995",7.2,0.17,0.34,6.4,0.042,16,111,0.99278,2.99,0.4,10.8,6
"996",6.2,0.44,0.18,7.7,0.096,28,210,0.99771,3.56,0.72,9.2,5
"997",8.7,0.31,0.73,14.35,0.044,27,191,1.00013,2.96,0.88,8.7,5
"998",6,0.19,0.26,1.4,0.039,30,104,0.98998,3.32,0.41,12.4,6
"999",5.7,0.26,0.27,4.1,0.201,73.5,189.5,0.9942,3.27,0.38,9.4,6
"1000",6.6,0.24,0.35,7.7,0.031,36,135,0.9938,3.19,0.37,10.5,5
