id,normdist,gender,expdist,geomdist
1,2.35,Male,0.2980808069,1
2,2.29,Female,0.1146755449,7
3,2.84,Female,0.5845591087,2
4,1.3,Female,3.0690373942,1
5,-1.24,Male,0.0060639948,2
6,0.23,Male,0.0609171528,5
7,3.29,Female,0.9334057643,2
8,-1.56,Male,1.15454773,2
9,-1.26,Male,0.3708028145,1
10,-2.4,Female,1.9725746902,3
11,2.5,Female,2.3246373823,2
12,-2.45,Female,0.3552639729,3
13,-0.85,Male,0.6808457369,1
14,-3.99,Male,0.0624608515,1
15,-0.15,Female,0.3983311581,1
16,0.23,Female,1.3346222932,2
17,-3.15,Male,0.0283316282,1
18,-4.09,Male,1.0369095742,1
19,0.04,Male,0.758410172,5
20,-3.73,Female,0.4864316461,2
21,1.29,Female,0.3066686989,2
22,0.25,Male,0.1275765397,2
23,2.97,Male,0.2464853909,2
24,1.26,Male,1.5498095494,2
25,3.18,Male,1.8332350095,1
26,0.81,Female,1.3963762396,3
27,0.35,Female,0.0421633819,2
28,2.62,Male,1.2542595616,1
29,2.61,Female,1.2819473976,1
30,2.22,Female,0.8896805944,3
31,2.43,Male,0.3324460825,1
32,-3.99,Female,1.0759108413,2
33,-2.74,Female,3.288694717,2
34,-2.12,Female,0.2231528262,2
35,0.36,Female,0.9277472522,1
36,-1.33,Female,0.3606469847,1
37,-3.78,Female,1.6813746179,6
38,-2.78,Female,0.2865875923,2
39,1.48,Male,0.2168714392,3
40,-0.48,Female,0.1319122069,2
41,-2.63,Male,1.0501946713,2
42,0.01,Female,0.4363473126,3
43,1.61,Male,1.4966839105,2
44,-2.97,Male,1.0628733309,1
45,-2.82,Male,0.257171216,2
46,-1.24,Male,0.0863929154,3
47,4.75,Female,0.3802428778,1
48,1.78,Male,0.5461117951,2
49,0.01,Male,1.3728270085,2
50,0.84,Male,0.9135497231,1
51,-2.44,Female,1.2865521624,1
52,-3.02,Male,0.1198578967,1
53,-3.77,Male,2.6445971343,4
54,2.78,Male,0.2239992613,2
55,0.9,Male,0.7433216304,2
56,-4.6,Female,0.5410218411,1
57,0.63,Female,0.0112107276,1
58,-0.63,Male,0.1460543813,1
59,-0.5,Female,1.9405376878,1
60,0.6,Female,0.6689800985,1
61,2.81,Male,0.272739505,1
62,-0.15,Female,0.1128970001,1
63,2.82,Female,0.8147003888,2
64,-2.83,Female,0.4255005958,4
65,-1.57,Male,0.2525872365,3
66,1.55,Female,0.8402687066,3
67,-1.29,Male,0.803710513,1
68,1.49,Female,3.1509489671,1
69,-0.09,Male,3.275373666,2
70,-2.54,Male,0.5053479588,4
71,0.0,Female,0.5074954305,1
72,0.3,Male,0.4690818822,4
73,3.13,Female,1.3612266395,4
74,-2.33,Male,1.4197446885,2
75,-5.42,Male,0.1587566841,1
76,0.05,Male,1.8636128469,1
77,-3.69,Male,1.4651109185,1
78,-0.26,Male,0.3621513334,1
79,-0.34,Female,1.0013665226,1
80,-0.63,Male,2.978159672,9
81,0.19,Male,0.0512523978,2
82,-0.94,Male,0.3984533537,2
83,1.31,Female,0.6108456794,1
84,-0.97,Female,0.2230333265,3
85,0.8,Female,0.3183973103,1
86,4.18,Male,0.1286097376,1
87,-1.13,Female,0.0339374604,5
88,0.27,Female,0.2181515393,1
89,-1.58,Female,2.7189427918,2
90,-2.75,Male,0.3021693942,3
91,1.41,Female,0.0607485354,6
92,-1.31,Male,6.0261707842,1
93,-2.37,Female,3.237957689,1
94,0.81,Male,1.14790827,4
95,-0.48,Female,2.3530439032,1
96,-3.51,Male,0.1767271079,1
97,-0.14,Male,0.4864299191,1
98,3.7,Female,0.5696934079,2
99,1.68,Female,1.2173365248,1
100,-1.68,Female,0.2563421385,1
101,2.79,Female,0.2214179819,2
102,0.04,Male,0.2932624278,2
103,0.54,Female,0.5707974118,4
104,-0.94,Male,4.1953644436,2
105,1.06,Male,3.0687146523,1
106,2.21,Male,0.3180393347,6
107,-3.07,Male,0.2918831003,1
108,0.44,Female,0.8154091944,5
109,2.83,Female,1.8836096979,1
110,-0.96,Female,0.1910309703,1
111,1.62,Female,0.4322719917,1
112,-0.68,Female,1.3932563009,2
113,1.64,Male,0.9918960962,3
114,-4.12,Female,1.5254811886,3
115,-1.88,Male,2.0320114098,1
116,-0.06,Female,0.3955697167,2
117,-0.32,Female,0.1605786897,2
118,0.24,Female,2.0798848832,2
119,-0.7,Male,0.9506096287,1
120,-0.39,Female,2.055351638,2
121,-1.81,Male,0.2265508685,1
122,-1.21,Female,0.0088965711,2
123,3.24,Female,0.3545405156,2
124,-1.74,Female,0.324298615,1
125,0.32,Male,0.5007720076,1
126,-0.0,Female,0.2396613387,1
127,-1.48,Female,0.485657818,1
128,3.37,Female,0.8240585353,1
129,-0.76,Female,0.9421493308,6
130,-2.16,Male,0.4831856688,1
131,0.49,Female,0.4120830436,1
132,-6.15,Female,0.9554339426,1
133,-0.25,Female,1.0395340423,1
134,-3.16,Female,0.1365553419,1
135,-1.19,Male,0.7255857274,3
136,1.07,Female,1.4799597085,1
137,1.11,Male,0.029580217,1
138,0.27,Male,0.2213667378,4
139,0.66,Female,1.5931976896,2
140,0.3,Female,2.0912035927,1
141,-2.53,Female,0.4340655316,5
142,0.04,Male,0.1381880332,1
143,-0.81,Female,0.9734539616,2
144,0.09,Female,0.2730363747,3
145,-1.51,Male,1.2705831395,2
146,0.31,Male,2.5019340731,1
147,-0.89,Female,0.0646452956,2
148,-5.07,Female,0.932706829,5
149,-1.0,Female,0.1922212557,2
150,-0.36,Male,0.4027834422,1
151,1.03,Male,0.0098622157,1
152,-0.66,Female,0.075755271,1
153,-0.12,Female,0.7519394982,1
154,-1.69,Male,2.0208302349,4
155,-0.08,Male,0.5910556477,2
156,-1.09,Male,1.1555994079,2
157,-0.62,Female,0.066937729,2
158,-5.6,Female,0.4956823252,8
159,-1.7,Male,1.0628181815,1
160,0.46,Female,0.0452596469,4
161,-1.85,Female,0.3158790268,1
162,1.42,Male,0.9875909474,3
163,0.15,Male,1.488628145,2
164,-1.73,Male,0.6152348975,1
165,2.35,Female,0.8633049222,1
166,1.94,Male,0.6396550696,1
167,4.53,Male,0.4274910418,1
168,0.81,Male,0.3757714136,1
169,-1.04,Female,0.964860898,2
170,0.69,Male,0.2179123319,5
171,1.08,Female,0.0064071806,4
172,1.82,Female,0.0376286861,1
173,0.03,Female,0.264428937,1
174,2.28,Female,0.4985489274,1
175,1.46,Male,1.2678221991,5
176,1.59,Male,0.2541178172,2
177,1.04,Male,0.1757612698,5
178,0.9,Male,0.0979901638,2
179,-1.39,Male,0.6719616474,1
180,0.41,Male,0.9769473514,1
181,-0.87,Female,1.3745408069,3
182,-2.34,Female,0.0561801557,1
183,0.4,Female,0.0503267122,1
184,0.97,Female,0.6155293273,1
185,0.43,Female,3.8157984469,3
186,1.24,Male,0.2098114136,1
187,-0.18,Male,4.1732143973,1
188,2.01,Male,3.0446695046,2
189,-1.04,Female,0.3567007848,1
190,-1.31,Female,0.0923353638,2
191,-1.61,Female,2.2771998332,2
192,-0.34,Female,0.5865822254,2
193,-0.38,Male,0.5629138174,2
194,1.04,Male,0.5926630431,1
195,-0.6,Female,1.400817635,1
196,1.86,Female,0.3946537888,1
197,0.74,Female,0.4294831562,1
198,3.49,Female,1.0125498548,1
199,-0.12,Female,0.2466085464,1
200,3.2,Female,0.8662484727,2
201,1.33,Male,0.6543410397,1
202,-3.38,Male,2.4925938167,1
203,-0.25,Male,1.2994933185,1
204,0.48,Female,0.5910570595,1
205,1.82,Female,0.9087623369,2
206,-2.57,Female,0.6445148619,5
207,-1.81,Male,1.8718214715,2
208,1.28,Female,0.2799465148,3
209,-1.95,Male,0.0203136585,1
210,1.2,Male,0.5379050376,1
211,-0.02,Female,2.2743399835,1
212,0.45,Female,1.3526436242,1
213,2.45,Male,3.352625468,2
214,3.86,Female,0.1391228076,1
215,-0.37,Female,1.5424944479,1
216,-2.18,Male,0.0927756306,1
217,-3.99,Female,0.8149873258,3
218,1.69,Female,1.0265516089,1
219,-0.74,Female,0.090723236,1
220,-1.37,Female,2.6209117539,1
221,1.92,Male,1.0900525081,2
222,-1.0,Female,0.0744727142,2
223,-1.42,Male,0.5711796756,2
224,0.27,Male,0.4552816951,1
225,0.6,Female,0.1034917145,3
226,2.1,Male,1.9517625867,1
227,2.98,Female,0.2044680761,2
228,0.97,Male,1.8916276686,1
229,-0.15,Male,0.5539121971,4
230,-0.6,Male,0.1605130916,3
231,-0.98,Female,1.2344344261,1
232,-0.15,Female,0.8195661671,3
233,3.34,Male,1.8285693445,1
234,-0.02,Male,1.1239021407,1
235,1.27,Female,2.2735092197,1
236,0.73,Male,0.7722352237,2
237,-2.08,Female,0.4973602726,1
238,-3.47,Female,0.1679438502,2
239,-0.13,Male,2.6508647991,3
240,3.41,Male,0.13331739,4
241,2.51,Male,0.3749812028,2
242,-2.44,Female,0.0523187373,2
243,-0.78,Male,0.128399143,3
244,2.01,Male,1.5401456083,3
245,0.64,Female,0.4784639143,1
246,2.9,Male,0.9394226469,2
247,2.69,Female,2.4753881694,1
248,0.97,Male,1.1964087417,1
249,-1.26,Male,2.6378948655,3
250,0.38,Female,2.6657418873,3
251,-0.9,Female,1.8440367928,2
252,0.28,Male,0.666967031,3
253,1.46,Female,0.2897946868,1
254,0.79,Female,1.2511718402,2
255,0.12,Male,0.0592160319,1
256,-4.38,Female,0.1051292688,7
257,3.85,Male,0.6593542827,1
258,1.01,Male,2.671657775,1
259,-0.33,Female,2.8233284956,1
260,-2.42,Male,1.7805439578,1
261,0.07,Male,0.3495300508,1
262,-0.89,Male,3.5102375216,1
263,5.89,Female,2.088984507,4
264,2.48,Female,0.2500210554,1
265,0.25,Female,0.7287974252,4
266,1.56,Female,0.2457924358,1
267,0.88,Female,1.9117075797,3
268,-4.75,Female,1.3563226225,1
269,-0.84,Male,2.2362903779,1
270,3.06,Male,0.0842619515,1
271,1.56,Male,0.8042086219,6
272,-0.23,Female,0.9789848204,1
273,1.39,Male,0.0467315511,1
274,2.91,Male,1.5610445701,1
275,0.34,Female,0.0704796828,1
276,-0.81,Male,3.885087053,1
277,0.13,Female,1.5509295116,10
278,-2.13,Female,0.6862853085,2
279,-3.49,Male,0.6141811785,1
280,0.42,Female,1.1500307512,2
281,-1.73,Female,0.4696083871,1
282,0.4,Male,0.1682226424,3
283,-3.05,Female,0.6882506376,1
284,-2.05,Male,0.7132877173,1
285,1.19,Female,0.3123610121,3
286,0.79,Male,3.2994763651,2
287,-1.9,Male,1.690575668,1
288,-1.87,Female,1.2763785754,1
289,0.88,Male,5.3191225191,5
290,-1.33,Male,3.0262971628,2
291,-0.32,Male,0.9824736558,2
292,2.16,Female,0.3697914008,2
293,4.58,Female,1.3995053416,8
294,0.88,Female,0.2209100213,1
295,0.46,Female,1.6607767283,2
296,-0.72,Male,1.9666092529,2
297,-1.5,Male,0.0592895904,4
298,0.95,Male,1.1585854568,1
299,-0.81,Female,0.1477627525,1
300,-2.2,Female,0.5143592447,1
301,2.25,Male,1.1230132294,1
302,4.41,Male,0.7180085436,1
303,-1.44,Female,0.0270016487,1
304,-0.21,Female,0.6667887177,1
305,-0.63,Female,3.8158660201,2
306,-0.1,Male,1.4102317549,1
307,1.04,Female,1.2734783434,3
308,-3.39,Female,0.3513940923,2
309,0.49,Female,1.2814675084,3
310,-0.03,Female,2.8256534885,1
311,0.05,Male,0.7276459685,3
312,-0.57,Female,4.8747157669,4
313,-2.28,Male,1.9961087819,2
314,2.86,Male,1.752784948,1
315,-0.63,Female,1.814522159,1
316,-1.3,Male,0.3216901169,4
317,-1.39,Female,0.0270768367,2
318,-0.2,Female,2.6527218314,1
319,-1.21,Female,1.8461494994,3
320,-3.83,Female,2.0819343098,1
321,-0.43,Female,0.2189523571,2
322,-0.13,Female,0.4464926088,3
323,-2.54,Female,0.3044191631,2
324,0.81,Male,1.7682516553,8
325,-0.98,Female,1.6430637725,1
326,2.24,Male,1.3751693984,1
327,-1.16,Male,0.9556782216,1
328,-1.26,Female,1.7302017103,6
329,0.71,Male,1.2141563973,6
330,0.85,Female,1.0299527143,1
331,1.45,Female,1.304117924,1
332,-2.5,Male,2.7977187419,6
333,-1.45,Male,1.6586415465,1
334,1.2,Female,0.003275899,2
335,-0.22,Male,2.479283532,1
336,2.17,Male,0.9771814463,1
337,2.85,Female,0.0893827666,2
338,3.3,Female,1.5998277933,2
339,1.96,Male,0.5051648448,2
340,0.62,Male,0.0147286314,1
341,3.43,Male,3.1602782973,2
342,-0.73,Male,1.3413446119,1
343,-0.11,Female,1.8454296877,2
344,1.33,Female,1.6514726069,4
345,0.12,Male,0.0750530144,1
346,-3.21,Female,0.0674543186,1
347,-0.97,Female,0.6062380834,1
348,-1.16,Female,0.7449597831,1
349,0.38,Male,0.6668029355,2
350,-2.36,Male,0.9610138062,3
351,-2.96,Male,0.9926290683,3
352,0.89,Male,0.7143323286,2
353,3.53,Male,0.2521270324,5
354,5.06,Male,1.9786814298,2
355,0.33,Female,1.3336712304,1
356,0.01,Female,0.7181654484,3
357,-2.39,Male,3.6858970437,1
358,5.08,Male,2.3173030987,5
359,1.36,Male,1.2956284299,3
360,-1.81,Female,0.6121247283,1
361,0.02,Female,1.2385918969,2
362,-0.35,Female,0.1969513569,3
363,0.14,Male,1.6334100616,1
364,-2.51,Female,0.7784839368,1
365,-0.09,Male,1.7470973083,2
366,1.34,Female,0.7613091637,1
367,-1.95,Male,0.0591199745,1
368,-3.83,Female,0.2555267125,1
369,0.95,Female,0.0149447916,7
370,-1.03,Female,0.0112491563,2
371,-1.47,Male,1.5432790303,1
372,3.92,Male,0.1846390489,3
373,-3.25,Female,1.7807575456,1
374,0.92,Female,0.8622170376,1
375,0.01,Male,1.0787308221,5
376,-0.53,Male,3.6372684121,1
377,0.93,Male,0.4341556227,1
378,-1.35,Male,0.2273466591,1
379,0.42,Female,0.4695335384,3
380,-0.22,Male,1.1310524005,1
381,0.82,Male,1.4817210759,1
382,1.52,Male,0.3001927383,1
383,1.94,Male,0.4145913397,5
384,-0.31,Female,0.9151026567,1
385,-1.91,Male,0.2815073063,2
386,0.4,Male,0.4291708964,2
387,1.23,Male,2.7360153899,1
388,-1.52,Male,0.1580324371,3
389,2.39,Male,0.7660783787,1
390,0.16,Female,0.3818829753,1
391,4.87,Male,0.1353518376,2
392,0.35,Male,0.4652910322,1
393,4.01,Male,1.8990816312,1
394,-0.09,Male,1.1707179032,2
395,1.9,Female,0.1189167459,3
396,2.02,Female,0.2057214345,5
397,1.98,Male,0.0555971891,1
398,0.56,Male,0.2122579063,2
399,-2.59,Female,0.4931028733,4
400,-1.7,Female,2.7494414818,1
401,-1.33,Female,0.3880215652,1
402,-1.06,Male,0.0803162669,6
403,0.46,Male,0.0544687858,1
404,2.21,Female,1.1488568038,1
405,-0.79,Male,0.6249659217,1
406,-2.15,Female,0.3905606864,3
407,0.96,Male,1.0159500938,4
408,0.3,Male,1.3318034101,1
409,-1.06,Female,2.2561991503,2
410,1.91,Male,0.3641269028,1
411,-0.19,Male,0.3948660483,1
412,1.47,Female,1.6154785464,1
413,-1.84,Female,0.832921017,1
414,-3.43,Female,0.2154272795,3
415,-3.28,Male,0.1453398538,5
416,-1.18,Female,0.7348207914,1
417,0.53,Male,0.2502112131,10
418,-2.04,Female,0.7088454034,1
419,-0.17,Female,1.2164732184,2
420,0.64,Male,1.4029063287,1
421,4.2,Female,2.2462701276,1
422,-1.38,Male,0.4813847305,2
423,0.92,Male,2.4381943795,4
424,2.9,Female,1.1192736583,1
425,-3.43,Male,1.4725155389,2
426,-1.84,Male,0.4469230314,2
427,-2.68,Male,0.5594066582,1
428,-0.34,Female,0.085343435,1
429,0.44,Male,0.095603218,1
430,0.71,Male,3.9766542311,1
431,0.43,Male,0.6809316337,1
432,-1.76,Female,3.2022052492,1
433,2.71,Male,0.7018906832,1
434,-3.51,Female,6.6998965882,3
435,1.03,Male,1.219751237,5
436,-0.74,Male,2.5427549807,1
437,0.83,Male,0.23461195,2
438,-1.98,Female,0.7557231347,6
439,-1.62,Male,1.1514940076,1
440,-3.1,Female,0.893688509,2
441,-0.54,Female,0.047159353,1
442,-0.54,Male,1.2763330806,1
443,0.39,Female,0.9761868801,2
444,6.13,Female,0.2310383761,2
445,2.24,Female,1.0414638696,1
446,-1.29,Male,0.0099898483,1
447,3.36,Male,2.6489398126,2
448,0.19,Female,0.9663055525,1
449,2.4,Male,0.853254193,1
450,-0.78,Female,0.0441615166,1
451,-1.52,Male,3.6552460484,1
452,-1.59,Male,0.6284580128,3
453,-0.21,Female,0.0567298024,1
454,-0.75,Male,0.5973310334,1
455,-1.25,Male,1.5456020643,3
456,2.24,Female,0.3927485543,3
457,-3.63,Male,0.0360627857,1
458,-0.69,Male,0.765390493,2
459,2.56,Female,0.1964141679,3
460,3.39,Female,0.2868761451,5
461,-0.69,Female,0.3911694794,2
462,-0.57,Male,0.1834974213,2
463,2.51,Female,1.7721268274,1
464,0.56,Female,0.0546460866,1
465,-0.95,Female,2.1625930972,1
466,1.24,Female,0.2417595145,1
467,-2.25,Female,0.6074108017,1
468,-1.41,Male,1.1827800467,1
469,1.83,Male,0.0114462687,1
470,1.17,Male,0.0539075099,1
471,0.77,Male,0.1631230352,3
472,-3.28,Female,0.3170212336,5
473,-0.45,Male,0.0024270088,1
474,0.58,Female,0.1747560527,3
475,-0.41,Female,0.7572319587,4
476,-0.03,Male,1.0062024549,2
477,-1.01,Female,0.5488563599,2
478,-2.58,Male,1.591287438,1
479,-2.49,Male,0.8766942976,3
480,3.82,Female,0.0096994572,1
481,-0.14,Male,1.5893782157,1
482,-0.21,Male,1.8571868549,1
483,1.24,Female,0.0183877357,1
484,1.33,Male,1.2122801088,1
485,-0.7,Female,1.628111996,1
486,-0.86,Female,2.7155865079,1
487,0.07,Male,0.7574748146,2
488,-0.85,Female,0.7593620524,5
489,0.32,Female,2.6641814211,4
490,1.91,Female,1.3910803552,2
491,-1.78,Male,0.0461434884,2
492,0.09,Female,0.4663362202,1
493,1.78,Female,0.4243616241,1
494,2.62,Male,0.5987314721,5
495,0.19,Male,1.0670230137,3
496,-1.39,Male,0.1998758642,2
497,-0.64,Male,0.476051213,1
498,-0.32,Male,0.5253592583,1
499,-1.38,Male,0.8667142064,1
500,1.53,Female,0.9550840544,3
501,-0.11,Male,3.5406074135,2
502,-4.46,Male,0.6110871284,4
503,0.83,Female,0.9042616132,1
504,2.68,Female,0.622354508,4
505,-1.06,Male,1.782770289,1
506,-1.63,Male,1.8667405891,2
507,0.41,Male,0.9928383571,1
508,-3.03,Female,0.4891846513,2
509,-0.8,Male,4.0620774918,1
510,0.24,Male,0.0366681096,2
511,-0.88,Male,2.7717224649,1
512,2.2,Male,2.3614052395,7
513,0.18,Female,0.6555178899,2
514,-0.13,Female,0.571420666,2
515,-1.65,Male,1.7893877012,1
516,1.46,Male,0.0250629337,2
517,-0.61,Male,0.6534365979,1
518,0.77,Male,1.7259509884,2
519,-2.63,Male,0.2800270345,2
520,-1.67,Female,1.3689385537,1
521,1.9,Female,2.3251558795,2
522,1.48,Male,0.2113045548,3
523,2.82,Male,0.8501802127,1
524,-0.72,Female,0.1059782072,5
525,0.93,Male,5.773005911,1
526,0.87,Female,0.4566848194,1
527,1.63,Male,0.6220232977,1
528,2.73,Male,0.4168533757,1
529,-2.78,Female,0.0166154684,3
530,-4.99,Male,0.2883833816,1
531,0.61,Female,0.2466575135,2
532,-0.1,Male,0.0300555657,1
533,1.23,Female,0.1023588927,1
534,-4.51,Male,1.3173726105,1
535,-2.1,Male,3.3754578061,1
536,0.13,Female,0.6000037105,1
537,0.89,Male,2.1567872038,1
538,2.13,Female,0.7678640841,2
539,0.44,Male,1.8324288637,1
540,-0.22,Female,0.7650304745,1
541,1.27,Male,0.6430906507,1
542,1.84,Female,0.3338187937,1
543,1.87,Male,1.6785866477,2
544,-1.52,Female,0.2694972873,7
545,2.18,Male,0.4067267598,1
546,-0.86,Male,0.7269541854,2
547,2.23,Male,2.4476454983,5
548,2.21,Female,0.4456777873,1
549,3.47,Male,1.1563004763,5
550,0.37,Female,0.5028504553,2
551,0.88,Male,3.0969192846,1
552,-2.8,Female,0.4976772664,1
553,-0.06,Male,0.9816092973,3
554,2.64,Female,0.3892912217,2
555,-0.14,Male,1.3492092412,4
556,1.15,Female,0.4397722394,2
557,-0.54,Female,1.1353308645,4
558,1.02,Male,0.6195883679,3
559,-0.84,Female,2.0907828875,2
560,1.55,Male,0.1753219564,1
561,-4.16,Female,1.4628101913,3
562,4.46,Female,0.7135771453,1
563,-0.77,Male,1.4458819174,1
564,0.54,Female,0.2140502018,2
565,2.35,Female,0.2175621095,1
566,3.91,Female,0.0299200033,1
567,-0.12,Female,0.1416342291,2
568,-2.6,Female,2.7606007383,3
569,-0.4,Male,0.1303957889,1
570,0.26,Male,0.5400042622,1
571,-4.47,Male,0.581892415,2
572,-3.97,Female,0.1267126669,7
573,-4.2,Female,3.8061251116,1
574,-0.95,Female,0.1796103263,5
575,2.16,Female,0.3471617622,4
576,-1.55,Female,0.3765956717,1
577,0.48,Female,0.7110097735,1
578,-0.04,Female,0.3329343072,1
579,-1.65,Male,0.1433477609,1
580,-0.03,Male,1.2671994673,1
581,2.9,Female,0.2916882882,1
582,-2.01,Male,0.1829715287,4
583,1.32,Female,1.6191825718,1
584,0.48,Female,0.1119188457,2
585,3.18,Female,1.8374394233,1
586,4.82,Male,0.1526709889,1
587,3.78,Male,2.0142166105,3
588,0.12,Male,0.2517289854,2
589,1.59,Female,1.3845885473,1
590,-2.81,Male,0.6116086753,1
591,0.51,Female,0.3114099387,2
592,2.73,Male,0.1062478391,2
593,0.87,Female,1.2595080913,1
594,-3.2,Male,1.8389996538,2
595,-1.5,Male,0.022833756,1
596,-0.05,Male,0.5145774926,1
597,-0.56,Male,0.0190358764,4
598,1.02,Male,1.286157904,1
599,1.71,Female,0.0017067061,1
600,0.84,Female,0.8513094239,1
601,-4.18,Male,1.564383227,1
602,-1.81,Female,0.1667307263,1
603,0.11,Male,1.4936207176,1
604,-3.4,Male,0.2434034305,4
605,-1.8,Male,2.1870330374,1
606,-1.04,Male,0.7727076936,9
607,0.15,Male,0.5072816975,2
608,-1.23,Male,1.5877463697,3
609,-1.31,Male,0.979406361,2
610,3.21,Male,1.2343483827,1
611,4.71,Female,0.4558485286,7
612,4.63,Male,0.6819932668,1
613,-0.79,Male,1.5085540108,1
614,-2.24,Female,0.1804988548,2
615,0.56,Male,0.2338029769,1
616,3.21,Male,0.0004245749,4
617,2.48,Female,1.1230625741,7
618,-1.2,Female,0.188458161,1
619,0.38,Male,1.5530655645,1
620,0.35,Female,7.2915862547,1
621,1.75,Male,1.6310058782,1
622,1.97,Male,0.5110109062,2
623,-1.59,Male,1.1080539599,1
624,1.02,Female,0.0970472119,1
625,0.65,Male,0.6223236349,1
626,-1.16,Female,0.3533663156,2
627,-0.6,Male,1.0980685345,1
628,-1.08,Female,0.5701856298,1
629,-0.52,Male,0.3017217889,3
630,-1.66,Male,0.2791700936,1
631,-0.66,Female,0.2896559609,2
632,0.84,Female,0.3412526255,1
633,-0.13,Male,0.6780357043,3
634,-0.53,Male,0.3462890429,3
635,-5.87,Female,1.7396170959,1
636,1.44,Male,1.2206895839,2
637,-1.87,Female,2.61622538,2
638,-2.23,Male,0.5576763893,2
639,-0.75,Female,4.0388858596,1
640,-2.73,Male,2.1964565338,3
641,0.14,Male,1.1722363736,2
642,-4.29,Male,1.4620135206,1
643,-0.21,Male,0.5301223102,1
644,-1.64,Female,1.368136333,1
645,1.0,Male,1.9145100632,2
646,2.67,Female,0.4563991872,2
647,0.05,Female,1.8770587741,4
648,-0.17,Male,1.5125440678,2
649,-1.31,Male,0.1134939778,2
650,0.38,Male,0.9758028736,6
651,0.45,Female,2.0978198627,1
652,0.35,Female,0.396275738,1
653,-2.97,Female,0.5257231129,1
654,-1.04,Male,1.383099409,1
655,-1.98,Male,1.5991339133,2
656,0.42,Female,0.5490504688,1
657,-3.15,Female,0.1354072809,2
658,-1.48,Male,1.2647574239,3
659,2.33,Male,0.1290649307,1
660,2.01,Male,0.8031119976,1
661,2.43,Male,0.754922506,4
662,2.77,Male,1.7295263852,1
663,-0.46,Male,0.4418830764,2
664,3.68,Female,0.4053330085,1
665,-0.21,Male,0.4548940543,2
666,2.01,Male,0.0371658929,7
667,0.45,Female,0.3381039607,1
668,-0.69,Female,0.0441813839,1
669,-1.92,Female,0.132088498,5
670,2.59,Male,0.8406654343,2
671,1.15,Male,0.4168398782,4
672,0.75,Female,2.5891656313,1
673,0.75,Male,0.8316160357,2
674,-3.18,Female,0.3747046851,5
675,0.38,Female,0.5381963984,1
676,-0.43,Male,0.9117825313,2
677,2.03,Male,0.9106822417,2
678,0.53,Female,0.6700468685,2
679,1.28,Female,0.1745372267,2
680,1.62,Female,1.3650861338,1
681,-2.52,Female,0.1154434354,2
682,1.97,Male,0.5782015587,1
683,1.41,Female,2.8094232058,1
684,-2.69,Male,2.9624552659,3
685,0.62,Female,0.2038346653,2
686,1.12,Female,1.3125132279,2
687,-0.14,Male,1.1464623058,1
688,-4.24,Male,0.4572420149,2
689,0.65,Female,0.7993291683,1
690,2.07,Female,4.0713349992,2
691,-0.33,Female,0.1820582651,1
692,2.41,Female,1.0747614382,1
693,-0.19,Female,0.0875523405,2
694,1.35,Male,0.5226109649,2
695,1.81,Male,1.0034144688,1
696,0.68,Female,4.3595664066,4
697,-0.06,Female,0.3476200353,1
698,1.2,Male,0.5103361329,3
699,0.63,Female,0.9860598109,7
700,1.56,Female,0.2542306883,2
701,1.4,Female,1.1700722116,4
702,1.27,Male,1.4787672853,2
703,-5.26,Male,2.0955720423,1
704,2.09,Female,0.6967341524,1
705,2.51,Male,4.1475308683,1
706,2.05,Female,0.1465593464,1
707,-0.68,Female,0.297987096,4
708,-1.83,Female,0.3875102641,1
709,-1.8,Male,1.1612239853,2
710,-0.32,Male,1.568611377,3
711,-0.46,Female,0.7874223725,4
712,-2.1,Female,0.5645403651,1
713,-4.69,Female,2.2937938802,1
714,1.09,Female,0.7215441222,3
715,-1.66,Female,0.7442662989,2
716,0.21,Female,1.8414760165,1
717,3.33,Female,1.0891062929,2
718,1.25,Female,1.0087429844,1
719,0.75,Female,0.1348116264,1
720,2.54,Male,2.7739688656,3
721,0.38,Female,0.8072661501,3
722,-1.89,Male,0.0787482383,4
723,0.63,Female,0.190664892,3
724,3.1,Female,0.0966735151,3
725,-3.39,Male,0.1385022445,2
726,0.69,Female,0.1122986778,3
727,-0.49,Male,1.5049879413,8
728,-1.67,Male,1.4666249132,2
729,0.58,Female,0.8059448456,1
730,0.89,Male,0.6570262906,1
731,0.75,Female,1.2948266879,1
732,2.85,Male,0.0219353608,2
733,1.55,Male,0.1260514102,1
734,0.03,Female,0.0160747398,1
735,2.06,Female,0.2296289135,1
736,0.07,Female,0.38789867,5
737,0.3,Female,1.4754600387,2
738,-2.09,Male,0.7179721127,4
739,-1.61,Male,2.8300223635,2
740,3.76,Male,1.186262982,1
741,1.12,Female,0.4005546611,1
742,0.62,Female,1.6831313648,1
743,-2.65,Female,0.2281128864,1
744,-0.66,Female,0.4137538738,2
745,-3.11,Female,2.2155203509,1
746,-5.56,Female,1.2361585949,1
747,1.41,Male,0.1998918489,4
748,-0.11,Female,0.6974974436,2
749,1.54,Male,0.4812653339,1
750,1.41,Male,0.2497406701,1
751,-1.74,Female,0.1044307969,4
752,-0.76,Female,0.1757644425,5
753,-2.53,Male,0.1842009951,1
754,1.58,Female,0.2775996309,2
755,7.31,Male,0.8404689163,1
756,1.69,Male,1.4207977656,3
757,-0.53,Female,1.4278503062,1
758,1.89,Female,0.4972274745,1
759,-1.51,Male,0.0160718327,3
760,4.4,Female,0.2170157334,1
761,-0.22,Female,0.08632419,2
762,1.65,Female,0.6891522054,1
763,0.37,Female,1.9087768991,1
764,1.83,Male,0.0346122986,1
765,-0.97,Female,1.9619355794,1
766,0.26,Female,0.4180543753,2
767,-1.02,Male,0.4035373093,2
768,1.58,Female,2.0236027153,5
769,3.99,Male,1.2583986353,3
770,-5.04,Female,0.1946825416,2
771,0.64,Female,0.2554633355,3
772,-0.66,Female,0.0478274584,3
773,3.39,Female,1.6473699379,1
774,-1.24,Female,0.0038435715,2
775,-0.15,Male,0.9355095988,2
776,2.32,Male,1.4341651626,1
777,0.57,Female,0.5171249826,2
778,-1.68,Male,1.0662055332,1
779,-1.94,Male,0.0385805114,1
780,-0.6,Male,0.3175609939,1
781,-0.65,Male,0.0954306755,2
782,2.14,Female,0.2711624016,1
783,-1.46,Male,1.3773736417,1
784,-0.34,Male,0.2023527698,1
785,2.68,Female,2.4436040548,2
786,-2.53,Male,2.2098226201,1
787,-1.48,Female,0.86596035,1
788,1.02,Male,0.6404478877,1
789,1.23,Female,0.5389352387,2
790,0.63,Male,0.652997971,1
791,-1.39,Male,0.5863771822,3
792,-1.11,Female,0.5162014147,2
793,2.7,Female,1.4113561241,1
794,-3.86,Female,0.0288760209,1
795,0.69,Female,0.3869894964,1
796,0.48,Female,0.0262165215,2
797,-0.57,Male,1.9226622577,1
798,2.15,Male,0.363321736,1
799,1.72,Female,0.415615895,2
800,-4.9,Female,0.2374795454,1
801,1.39,Female,0.450196747,1
802,1.23,Female,3.5983033212,1
803,-2.57,Male,0.4819162946,1
804,1.05,Male,1.7727776046,4
805,-0.57,Male,1.8119796453,1
806,1.65,Male,0.2469783145,1
807,-1.68,Male,1.3138838036,1
808,-0.39,Female,0.8635309073,2
809,0.2,Male,0.9071283667,1
810,3.63,Male,1.0476979225,3
811,2.43,Female,1.4927746372,1
812,-2.31,Female,4.2721572891,1
813,-0.02,Male,1.2392279551,1
814,-3.03,Male,0.5841803915,1
815,-1.64,Female,0.5851582139,1
816,0.11,Male,1.0722182873,2
817,0.9,Male,1.6013255315,1
818,2.96,Male,0.1372095078,1
819,-3.26,Female,0.4321778515,3
820,-1.1,Male,0.374913494,4
821,-0.92,Female,0.1881556615,2
822,0.18,Male,1.2989241812,1
823,-3.86,Female,0.6506656386,2
824,0.5,Male,0.6849783227,1
825,-0.3,Female,0.6487758948,1
826,-1.12,Female,0.589437042,1
827,1.87,Female,0.7833408009,2
828,1.42,Female,0.4096683402,1
829,2.34,Female,0.0035790954,4
830,2.31,Male,0.5262057368,1
831,1.97,Male,0.1049169203,2
832,-0.22,Male,0.8209900962,1
833,-0.51,Male,0.2193015336,1
834,0.75,Female,0.0407749004,1
835,0.35,Female,0.0181291881,2
836,-0.44,Female,0.1203318661,1
837,2.8,Male,2.7548043433,1
838,1.53,Male,2.0186652909,2
839,-0.12,Male,1.3959600115,3
840,-0.44,Male,0.2323428784,2
841,-1.02,Male,0.0322301897,1
842,-0.97,Male,1.7641563532,4
843,1.17,Male,1.0573179869,2
844,0.87,Female,0.447993623,3
845,1.75,Female,0.0413328854,1
846,3.29,Male,2.5611098162,1
847,1.66,Male,0.7498003052,3
848,0.89,Female,1.5465160536,2
849,-0.56,Female,0.1996845328,1
850,-1.84,Male,0.1827948379,1
851,2.15,Male,0.3812839138,2
852,0.66,Male,0.7448638877,2
853,2.97,Male,0.0009416968,4
854,-0.64,Female,1.2711023755,1
855,2.51,Female,2.5889939511,2
856,3.83,Female,0.543341638,1
857,4.18,Female,0.3525357831,1
858,-1.33,Male,0.1214274442,2
859,-2.57,Female,0.3817624536,2
860,-3.53,Male,1.1938180834,2
861,-0.69,Male,0.4971395056,4
862,-2.8,Male,1.14671898,1
863,-1.99,Male,2.6043867833,1
864,0.25,Female,0.649589669,2
865,0.73,Female,0.283286947,4
866,1.35,Male,0.9890982167,3
867,-1.29,Male,0.173142644,2
868,4.01,Male,0.2365429322,4
869,-2.5,Male,0.4617459544,4
870,-1.51,Male,0.4450599321,1
871,1.84,Male,0.8017083442,1
872,2.52,Male,2.0665650867,1
873,1.57,Male,0.7780455632,3
874,-1.47,Female,0.8646795921,1
875,-2.79,Male,1.7067283629,6
876,-1.95,Female,1.7275867128,2
877,3.93,Male,1.1484978028,1
878,-2.6,Female,2.6704268251,3
879,-1.25,Female,5.1307501556,3
880,-0.2,Male,0.5128762212,1
881,-2.93,Male,2.1283615402,1
882,0.52,Male,2.4166161648,2
883,2.73,Male,1.0150637725,1
884,2.82,Male,0.0819467618,1
885,1.44,Male,0.0644313829,1
886,1.99,Female,0.4917723888,1
887,-1.86,Male,1.0274864505,2
888,-1.34,Female,1.7996045908,2
889,-0.38,Female,1.4270178819,1
890,0.96,Male,1.0995997408,3
891,-1.41,Male,1.5742360014,2
892,-0.79,Male,0.2460921247,2
893,2.58,Male,1.219509985,2
894,1.37,Male,1.1064222378,6
895,0.22,Male,1.9125848884,5
896,-1.72,Male,0.7417379469,2
897,2.12,Male,0.9016789374,1
898,1.59,Female,1.03864377,2
899,0.32,Female,1.1676765201,1
900,0.22,Male,1.3629522274,1
901,-2.11,Female,0.8092231856,1
902,1.44,Male,0.1024225764,1
903,1.06,Female,0.6830666693,1
904,1.32,Male,0.3318570836,1
905,-1.84,Female,0.0595427603,1
906,1.1,Male,0.7209949324,1
907,-0.64,Female,0.0814588998,3
908,0.25,Female,1.1255412397,1
909,-0.04,Female,1.0441036507,2
910,-2.04,Female,2.0626664437,1
911,-0.78,Female,0.0835526913,1
912,0.51,Female,0.2447185912,2
913,-0.47,Female,1.8426904547,1
914,-1.34,Female,0.4321897926,1
915,-0.62,Female,0.7241365024,3
916,0.44,Female,0.2769526775,5
917,2.79,Female,0.8316231697,2
918,1.1,Male,0.4706104488,5
919,-0.73,Female,0.018959068,1
920,-3.64,Male,0.1712819048,1
921,3.6,Female,4.8898693992,1
922,-1.28,Male,1.1019050877,1
923,-2.68,Female,0.3477974008,1
924,1.99,Female,0.2869943074,1
925,-1.22,Male,0.1255453178,2
926,1.04,Male,1.5401577437,4
927,0.32,Female,0.0621891579,2
928,-2.55,Male,0.9551385297,3
929,1.95,Male,0.0254694013,2
930,0.28,Female,0.6429281578,2
931,-0.45,Male,0.1571105467,2
932,1.39,Male,1.329516969,1
933,-0.48,Female,0.095703234,1
934,-3.29,Male,0.0290466478,1
935,1.46,Male,0.3056728837,1
936,1.57,Female,0.4627777246,3
937,-1.9,Female,0.1015331223,2
938,-1.15,Female,0.9930082156,1
939,1.57,Male,0.3141508273,2
940,1.63,Female,0.1941337085,3
941,3.43,Female,1.0641098246,1
942,0.89,Male,1.8272336143,3
943,0.63,Female,0.100362375,4
944,3.36,Male,3.4166823954,1
945,-1.56,Female,1.2960659779,2
946,1.48,Female,0.4968112124,1
947,-0.86,Male,0.755186812,1
948,-1.41,Female,0.0941238392,2
949,-2.53,Male,0.6432046883,1
950,-1.25,Female,1.3721596565,1
951,-1.22,Female,0.2228526812,2
952,3.81,Female,0.8190304422,2
953,-2.63,Male,0.0875277289,1
954,0.38,Female,0.9896674217,1
955,0.4,Female,2.213361761,1
956,-4.31,Male,0.5934638916,2
957,2.53,Male,0.9933218335,2
958,-0.47,Female,0.2551354618,2
959,0.61,Female,0.034365339,5
960,2.44,Male,0.4665740162,1
961,-0.08,Male,0.4184501464,2
962,1.71,Female,1.5559639886,1
963,0.98,Male,0.3430872008,2
964,1.33,Female,1.3461117837,1
965,-2.88,Female,0.211652227,1
966,0.89,Female,1.7767376122,3
967,0.72,Female,1.4580174955,2
968,4.52,Female,0.1786810289,2
969,2.7,Female,1.0098098617,1
970,0.51,Male,0.7104665695,2
971,0.45,Male,0.1806671053,1
972,0.1,Male,1.2558464196,1
973,0.84,Female,0.0558289549,2
974,-1.69,Female,0.436002415,1
975,2.23,Male,0.9399552055,1
976,-0.12,Male,0.0982081775,2
977,-1.44,Male,0.457992709,2
978,3.21,Male,1.4243480387,2
979,-1.56,Male,0.2202472407,2
980,-0.91,Female,0.8235522691,2
981,2.42,Male,0.9906406036,1
982,-0.46,Male,2.1352916048,1
983,1.84,Male,0.6525620269,3
984,-0.65,Male,0.7089334497,3
985,-0.57,Female,1.0672815689,1
986,-0.88,Male,0.0290714114,1
987,-2.31,Male,1.56854348,1
988,2.56,Male,0.0974041275,1
989,-0.17,Male,0.7375306879,5
990,-0.34,Male,0.4935987696,1
991,4.83,Male,0.9467158875,1
992,1.62,Male,1.4588658513,1
993,-2.47,Male,2.9951740447,1
994,2.75,Female,1.8715329843,2
995,1.09,Male,0.8422125445,1
996,-2.26,Male,2.9092324156,1
997,-2.35,Male,0.5897998384,2
998,3.96,Male,1.2820978266,4
999,0.33,Female,0.9948088838,2
1000,3.66,Female,1.400566123,1
